COMMUNITY_AREA,RACE,AGE,SEX,Count
ALBANY PARK,API,0-19,F,1
ALBANY PARK,API,0-19,M,1
ALBANY PARK,API,20-29,F,1
ALBANY PARK,API,20-29,M,3
ALBANY PARK,API,30-39,M,1
ALBANY PARK,API,50-59,M,1
ALBANY PARK,BLK,0-19,F,2
ALBANY PARK,BLK,0-19,M,11
ALBANY PARK,BLK,20-29,F,4
ALBANY PARK,BLK,20-29,M,18
ALBANY PARK,BLK,30-39,M,12
ALBANY PARK,BLK,40-49,M,2
ALBANY PARK,BLK,50-59,M,1
ALBANY PARK,BLK,60-69,F,1
ALBANY PARK,I,60-69,M,1
ALBANY PARK,UNKNOWN,0-19,M,1
ALBANY PARK,UNKNOWN,UNKNOWN,UNKNOWN,5
ALBANY PARK,WBH,0-19,M,2
ALBANY PARK,WBH,20-29,M,4
ALBANY PARK,WHI,0-19,M,4
ALBANY PARK,WHI,20-29,F,1
ALBANY PARK,WHI,20-29,M,10
ALBANY PARK,WHI,30-39,M,7
ALBANY PARK,WHI,40-49,M,3
ALBANY PARK,WHI,50-59,M,2
ALBANY PARK,WHI,70-79,M,1
ALBANY PARK,WWH,0-19,F,6
ALBANY PARK,WWH,0-19,M,37
ALBANY PARK,WWH,20-29,F,10
ALBANY PARK,WWH,20-29,M,65
ALBANY PARK,WWH,30-39,F,5
ALBANY PARK,WWH,30-39,M,16
ALBANY PARK,WWH,40-49,F,2
ALBANY PARK,WWH,40-49,M,1
ALBANY PARK,WWH,50-59,M,1
ARCHER HEIGHTS,BLK,0-19,M,2
ARCHER HEIGHTS,BLK,20-29,M,1
ARCHER HEIGHTS,BLK,30-39,M,1
ARCHER HEIGHTS,BLK,50-59,M,1
ARCHER HEIGHTS,UNKNOWN,20-29,M,2
ARCHER HEIGHTS,WBH,50-59,M,1
ARCHER HEIGHTS,WHI,20-29,F,1
ARCHER HEIGHTS,WHI,20-29,M,3
ARCHER HEIGHTS,WHI,30-39,M,1
ARCHER HEIGHTS,WHI,40-49,M,1
ARCHER HEIGHTS,WHI,50-59,F,1
ARCHER HEIGHTS,WWH,0-19,F,3
ARCHER HEIGHTS,WWH,0-19,M,22
ARCHER HEIGHTS,WWH,20-29,F,3
ARCHER HEIGHTS,WWH,20-29,M,42
ARCHER HEIGHTS,WWH,30-39,M,16
ARCHER HEIGHTS,WWH,40-49,M,3
ARCHER HEIGHTS,WWH,50-59,M,3
ARMOUR SQUARE,API,20-29,M,1
ARMOUR SQUARE,API,30-39,M,4
ARMOUR SQUARE,API,40-49,F,1
ARMOUR SQUARE,API,40-49,M,3
ARMOUR SQUARE,API,70-79,M,1
ARMOUR SQUARE,BLK,0-19,F,4
ARMOUR SQUARE,BLK,0-19,M,20
ARMOUR SQUARE,BLK,20-29,F,2
ARMOUR SQUARE,BLK,20-29,M,29
ARMOUR SQUARE,BLK,30-39,F,5
ARMOUR SQUARE,BLK,30-39,M,20
ARMOUR SQUARE,BLK,40-49,M,6
ARMOUR SQUARE,BLK,50-59,F,1
ARMOUR SQUARE,BLK,50-59,M,2
ARMOUR SQUARE,BLK,60-69,M,1
ARMOUR SQUARE,BLK,UNKNOWN,M,1
ARMOUR SQUARE,UNKNOWN,UNKNOWN,UNKNOWN,2
ARMOUR SQUARE,WBH,20-29,F,1
ARMOUR SQUARE,WHI,0-19,M,2
ARMOUR SQUARE,WHI,30-39,M,1
ARMOUR SQUARE,WHI,40-49,F,1
ARMOUR SQUARE,WHI,50-59,M,1
ARMOUR SQUARE,WWH,0-19,M,1
ARMOUR SQUARE,WWH,20-29,F,2
ARMOUR SQUARE,WWH,30-39,M,1
ARMOUR SQUARE,WWH,40-49,F,1
ARMOUR SQUARE,WWH,40-49,M,1
ARMOUR SQUARE,WWH,50-59,M,1
ASHBURN,BLK,0-19,F,5
ASHBURN,BLK,0-19,M,76
ASHBURN,BLK,20-29,F,10
ASHBURN,BLK,20-29,M,119
ASHBURN,BLK,30-39,F,3
ASHBURN,BLK,30-39,M,29
ASHBURN,BLK,40-49,F,1
ASHBURN,BLK,40-49,M,7
ASHBURN,BLK,50-59,F,3
ASHBURN,BLK,50-59,M,6
ASHBURN,UNKNOWN,0-19,UNKNOWN,1
ASHBURN,UNKNOWN,20-29,M,2
ASHBURN,UNKNOWN,40-49,M,1
ASHBURN,UNKNOWN,UNKNOWN,UNKNOWN,11
ASHBURN,WBH,20-29,M,1
ASHBURN,WHI,0-19,F,1
ASHBURN,WHI,0-19,M,5
ASHBURN,WHI,20-29,F,1
ASHBURN,WHI,20-29,M,5
ASHBURN,WHI,30-39,M,4
ASHBURN,WHI,40-49,M,2
ASHBURN,WHI,80+,M,1
ASHBURN,WWH,0-19,F,5
ASHBURN,WWH,0-19,M,19
ASHBURN,WWH,20-29,F,2
ASHBURN,WWH,20-29,M,29
ASHBURN,WWH,30-39,F,1
ASHBURN,WWH,30-39,M,9
ASHBURN,WWH,40-49,M,7
AUBURN GRESHAM,API,50-59,M,1
AUBURN GRESHAM,BLK,0-19,F,53
AUBURN GRESHAM,BLK,0-19,M,325
AUBURN GRESHAM,BLK,0-19,UNKNOWN,1
AUBURN GRESHAM,BLK,20-29,F,73
AUBURN GRESHAM,BLK,20-29,M,720
AUBURN GRESHAM,BLK,20-29,UNKNOWN,1
AUBURN GRESHAM,BLK,30-39,F,53
AUBURN GRESHAM,BLK,30-39,M,307
AUBURN GRESHAM,BLK,40-49,F,18
AUBURN GRESHAM,BLK,40-49,M,112
AUBURN GRESHAM,BLK,40-49,UNKNOWN,1
AUBURN GRESHAM,BLK,50-59,F,17
AUBURN GRESHAM,BLK,50-59,M,51
AUBURN GRESHAM,BLK,50-59,UNKNOWN,1
AUBURN GRESHAM,BLK,60-69,F,8
AUBURN GRESHAM,BLK,60-69,M,16
AUBURN GRESHAM,BLK,70-79,F,1
AUBURN GRESHAM,BLK,70-79,M,1
AUBURN GRESHAM,BLK,80+,F,2
AUBURN GRESHAM,BLK,80+,M,1
AUBURN GRESHAM,I,30-39,F,1
AUBURN GRESHAM,I,40-49,M,1
AUBURN GRESHAM,UNKNOWN,0-19,F,1
AUBURN GRESHAM,UNKNOWN,0-19,M,1
AUBURN GRESHAM,UNKNOWN,0-19,UNKNOWN,1
AUBURN GRESHAM,UNKNOWN,20-29,F,1
AUBURN GRESHAM,UNKNOWN,20-29,M,5
AUBURN GRESHAM,UNKNOWN,30-39,F,1
AUBURN GRESHAM,UNKNOWN,30-39,M,2
AUBURN GRESHAM,UNKNOWN,40-49,M,1
AUBURN GRESHAM,UNKNOWN,UNKNOWN,UNKNOWN,19
AUBURN GRESHAM,WBH,0-19,M,2
AUBURN GRESHAM,WBH,20-29,M,1
AUBURN GRESHAM,WHI,20-29,M,2
AUBURN GRESHAM,WHI,30-39,M,4
AUBURN GRESHAM,WHI,40-49,M,2
AUBURN GRESHAM,WHI,60-69,M,1
AUBURN GRESHAM,WWH,0-19,M,2
AUBURN GRESHAM,WWH,20-29,M,7
AUBURN GRESHAM,WWH,30-39,F,1
AUBURN GRESHAM,WWH,30-39,M,5
AUBURN GRESHAM,WWH,40-49,M,2
AUSTIN,API,0-19,M,1
AUSTIN,API,20-29,M,4
AUSTIN,API,30-39,M,2
AUSTIN,API,40-49,M,1
AUSTIN,API,50-59,M,2
AUSTIN,BLK,0-19,F,97
AUSTIN,BLK,0-19,M,696
AUSTIN,BLK,20-29,F,185
AUSTIN,BLK,20-29,M,1480
AUSTIN,BLK,20-29,UNKNOWN,1
AUSTIN,BLK,30-39,F,64
AUSTIN,BLK,30-39,M,738
AUSTIN,BLK,30-39,UNKNOWN,2
AUSTIN,BLK,40-49,F,37
AUSTIN,BLK,40-49,M,222
AUSTIN,BLK,50-59,F,22
AUSTIN,BLK,50-59,M,106
AUSTIN,BLK,60-69,F,5
AUSTIN,BLK,60-69,M,24
AUSTIN,BLK,70-79,M,8
AUSTIN,BLK,80+,M,2
AUSTIN,BLK,UNKNOWN,F,1
AUSTIN,BLK,UNKNOWN,M,2
AUSTIN,UNKNOWN,0-19,F,3
AUSTIN,UNKNOWN,0-19,M,2
AUSTIN,UNKNOWN,0-19,UNKNOWN,2
AUSTIN,UNKNOWN,20-29,F,3
AUSTIN,UNKNOWN,20-29,M,7
AUSTIN,UNKNOWN,20-29,UNKNOWN,2
AUSTIN,UNKNOWN,30-39,F,1
AUSTIN,UNKNOWN,30-39,M,7
AUSTIN,UNKNOWN,UNKNOWN,UNKNOWN,45
AUSTIN,WBH,0-19,F,1
AUSTIN,WBH,0-19,M,1
AUSTIN,WBH,20-29,F,1
AUSTIN,WBH,20-29,M,4
AUSTIN,WBH,30-39,M,3
AUSTIN,WBH,70-79,F,1
AUSTIN,WHI,0-19,M,3
AUSTIN,WHI,20-29,F,2
AUSTIN,WHI,20-29,M,8
AUSTIN,WHI,30-39,F,1
AUSTIN,WHI,30-39,M,8
AUSTIN,WHI,40-49,F,2
AUSTIN,WHI,40-49,M,5
AUSTIN,WHI,50-59,M,3
AUSTIN,WHI,60-69,M,3
AUSTIN,WHI,UNKNOWN,M,1
AUSTIN,WWH,0-19,F,4
AUSTIN,WWH,0-19,M,21
AUSTIN,WWH,20-29,F,17
AUSTIN,WWH,20-29,M,56
AUSTIN,WWH,30-39,F,9
AUSTIN,WWH,30-39,M,35
AUSTIN,WWH,40-49,F,2
AUSTIN,WWH,40-49,M,16
AUSTIN,WWH,50-59,F,1
AUSTIN,WWH,50-59,M,6
AUSTIN,WWH,60-69,M,1
AUSTIN,WWH,UNKNOWN,F,1
AUSTIN,WWH,UNKNOWN,M,1
AVALON PARK,BLK,0-19,F,11
AVALON PARK,BLK,0-19,M,56
AVALON PARK,BLK,20-29,F,16
AVALON PARK,BLK,20-29,M,84
AVALON PARK,BLK,30-39,F,7
AVALON PARK,BLK,30-39,M,45
AVALON PARK,BLK,40-49,F,2
AVALON PARK,BLK,40-49,M,11
AVALON PARK,BLK,50-59,F,4
AVALON PARK,BLK,50-59,M,8
AVALON PARK,BLK,60-69,F,2
AVALON PARK,BLK,60-69,M,3
AVALON PARK,BLK,70-79,F,1
AVALON PARK,I,0-19,M,1
AVALON PARK,UNKNOWN,UNKNOWN,UNKNOWN,3
AVALON PARK,WHI,30-39,M,2
AVALON PARK,WHI,50-59,M,1
AVALON PARK,WWH,20-29,M,1
AVALON PARK,WWH,30-39,M,1
AVALON PARK,WWH,40-49,F,1
AVONDALE,API,20-29,M,1
AVONDALE,API,30-39,M,1
AVONDALE,API,40-49,M,1
AVONDALE,BLK,0-19,M,5
AVONDALE,BLK,20-29,M,9
AVONDALE,BLK,30-39,F,1
AVONDALE,BLK,30-39,M,5
AVONDALE,BLK,40-49,M,2
AVONDALE,UNKNOWN,20-29,M,2
AVONDALE,UNKNOWN,30-39,M,2
AVONDALE,UNKNOWN,UNKNOWN,UNKNOWN,5
AVONDALE,WBH,20-29,M,4
AVONDALE,WHI,0-19,F,1
AVONDALE,WHI,0-19,M,3
AVONDALE,WHI,20-29,F,2
AVONDALE,WHI,20-29,M,8
AVONDALE,WHI,30-39,F,1
AVONDALE,WHI,30-39,M,4
AVONDALE,WHI,40-49,F,3
AVONDALE,WHI,40-49,M,2
AVONDALE,WHI,50-59,F,1
AVONDALE,WHI,50-59,M,5
AVONDALE,WHI,60-69,M,2
AVONDALE,WWH,0-19,F,5
AVONDALE,WWH,0-19,M,29
AVONDALE,WWH,20-29,F,4
AVONDALE,WWH,20-29,M,66
AVONDALE,WWH,30-39,F,4
AVONDALE,WWH,30-39,M,32
AVONDALE,WWH,40-49,M,8
AVONDALE,WWH,50-59,M,5
AVONDALE,WWH,60-69,M,2
BELMONT CRAGIN,API,20-29,M,2
BELMONT CRAGIN,BLK,0-19,F,3
BELMONT CRAGIN,BLK,0-19,M,12
BELMONT CRAGIN,BLK,20-29,F,1
BELMONT CRAGIN,BLK,20-29,M,23
BELMONT CRAGIN,BLK,20-29,UNKNOWN,1
BELMONT CRAGIN,BLK,30-39,F,1
BELMONT CRAGIN,BLK,30-39,M,8
BELMONT CRAGIN,BLK,40-49,F,2
BELMONT CRAGIN,BLK,40-49,M,3
BELMONT CRAGIN,BLK,50-59,M,3
BELMONT CRAGIN,UNKNOWN,0-19,UNKNOWN,1
BELMONT CRAGIN,UNKNOWN,40-49,F,1
BELMONT CRAGIN,UNKNOWN,40-49,M,1
BELMONT CRAGIN,UNKNOWN,UNKNOWN,UNKNOWN,12
BELMONT CRAGIN,WBH,0-19,M,2
BELMONT CRAGIN,WBH,20-29,M,6
BELMONT CRAGIN,WBH,30-39,M,3
BELMONT CRAGIN,WBH,40-49,M,1
BELMONT CRAGIN,WBH,50-59,M,1
BELMONT CRAGIN,WHI,0-19,F,3
BELMONT CRAGIN,WHI,0-19,M,2
BELMONT CRAGIN,WHI,20-29,F,2
BELMONT CRAGIN,WHI,20-29,M,15
BELMONT CRAGIN,WHI,30-39,F,2
BELMONT CRAGIN,WHI,30-39,M,5
BELMONT CRAGIN,WHI,40-49,F,1
BELMONT CRAGIN,WHI,40-49,M,4
BELMONT CRAGIN,WHI,50-59,M,3
BELMONT CRAGIN,WHI,80+,M,1
BELMONT CRAGIN,WWH,0-19,F,14
BELMONT CRAGIN,WWH,0-19,M,127
BELMONT CRAGIN,WWH,20-29,F,20
BELMONT CRAGIN,WWH,20-29,M,184
BELMONT CRAGIN,WWH,30-39,F,8
BELMONT CRAGIN,WWH,30-39,M,62
BELMONT CRAGIN,WWH,40-49,F,3
BELMONT CRAGIN,WWH,40-49,M,22
BELMONT CRAGIN,WWH,50-59,F,2
BELMONT CRAGIN,WWH,50-59,M,6
BELMONT CRAGIN,WWH,60-69,M,1
BELMONT CRAGIN,WWH,70-79,F,1
BELMONT CRAGIN,WWH,70-79,M,1
BELMONT CRAGIN,WWH,UNKNOWN,F,1
BEVERLY,API,20-29,M,1
BEVERLY,BLK,0-19,M,2
BEVERLY,BLK,20-29,F,3
BEVERLY,BLK,20-29,M,9
BEVERLY,BLK,30-39,M,7
BEVERLY,BLK,40-49,M,1
BEVERLY,BLK,50-59,M,1
BEVERLY,BLK,60-69,F,1
BEVERLY,UNKNOWN,UNKNOWN,UNKNOWN,1
BEVERLY,WHI,20-29,M,1
BEVERLY,WHI,30-39,M,1
BRIDGEPORT,API,20-29,M,2
BRIDGEPORT,API,30-39,M,1
BRIDGEPORT,API,50-59,M,1
BRIDGEPORT,API,70-79,F,1
BRIDGEPORT,API,80+,F,1
BRIDGEPORT,BLK,0-19,M,3
BRIDGEPORT,BLK,20-29,F,1
BRIDGEPORT,BLK,20-29,M,8
BRIDGEPORT,BLK,30-39,M,9
BRIDGEPORT,BLK,40-49,M,2
BRIDGEPORT,UNKNOWN,0-19,M,1
BRIDGEPORT,UNKNOWN,UNKNOWN,UNKNOWN,1
BRIDGEPORT,WBH,20-29,M,1
BRIDGEPORT,WHI,0-19,M,6
BRIDGEPORT,WHI,20-29,M,12
BRIDGEPORT,WHI,30-39,M,4
BRIDGEPORT,WHI,40-49,M,1
BRIDGEPORT,WHI,50-59,F,1
BRIDGEPORT,WHI,50-59,M,1
BRIDGEPORT,WWH,0-19,F,1
BRIDGEPORT,WWH,0-19,M,14
BRIDGEPORT,WWH,20-29,F,4
BRIDGEPORT,WWH,20-29,M,43
BRIDGEPORT,WWH,30-39,F,1
BRIDGEPORT,WWH,30-39,M,9
BRIDGEPORT,WWH,40-49,M,1
BRIDGEPORT,WWH,60-69,M,1
BRIGHTON PARK,BLK,0-19,M,6
BRIGHTON PARK,BLK,20-29,F,1
BRIGHTON PARK,BLK,20-29,M,11
BRIGHTON PARK,BLK,30-39,M,8
BRIGHTON PARK,BLK,40-49,M,1
BRIGHTON PARK,BLK,50-59,M,3
BRIGHTON PARK,BLK,60-69,M,1
BRIGHTON PARK,UNKNOWN,20-29,M,4
BRIGHTON PARK,UNKNOWN,UNKNOWN,UNKNOWN,3
BRIGHTON PARK,WBH,0-19,M,2
BRIGHTON PARK,WBH,20-29,F,1
BRIGHTON PARK,WBH,20-29,M,3
BRIGHTON PARK,WBH,30-39,F,1
BRIGHTON PARK,WHI,0-19,M,6
BRIGHTON PARK,WHI,20-29,F,3
BRIGHTON PARK,WHI,20-29,M,14
BRIGHTON PARK,WHI,30-39,F,2
BRIGHTON PARK,WHI,30-39,M,5
BRIGHTON PARK,WHI,50-59,F,2
BRIGHTON PARK,WHI,50-59,M,2
BRIGHTON PARK,WHI,70-79,F,1
BRIGHTON PARK,WWH,0-19,F,11
BRIGHTON PARK,WWH,0-19,M,141
BRIGHTON PARK,WWH,20-29,F,22
BRIGHTON PARK,WWH,20-29,M,181
BRIGHTON PARK,WWH,30-39,F,6
BRIGHTON PARK,WWH,30-39,M,65
BRIGHTON PARK,WWH,30-39,UNKNOWN,1
BRIGHTON PARK,WWH,40-49,F,4
BRIGHTON PARK,WWH,40-49,M,26
BRIGHTON PARK,WWH,50-59,M,9
BRIGHTON PARK,WWH,60-69,F,1
BRIGHTON PARK,WWH,60-69,M,2
BRIGHTON PARK,WWH,70-79,M,2
BRIGHTON PARK,WWH,80+,M,1
BRIGHTON PARK,WWH,UNKNOWN,F,1
BURNSIDE,BLK,0-19,F,3
BURNSIDE,BLK,0-19,M,21
BURNSIDE,BLK,20-29,F,5
BURNSIDE,BLK,20-29,M,25
BURNSIDE,BLK,30-39,F,2
BURNSIDE,BLK,30-39,M,16
BURNSIDE,BLK,40-49,F,1
BURNSIDE,BLK,40-49,M,7
BURNSIDE,BLK,50-59,F,1
BURNSIDE,BLK,50-59,M,1
BURNSIDE,BLK,60-69,F,2
BURNSIDE,BLK,60-69,M,1
BURNSIDE,UNKNOWN,30-39,M,1
BURNSIDE,UNKNOWN,UNKNOWN,UNKNOWN,1
BURNSIDE,WHI,40-49,M,1
BURNSIDE,WWH,20-29,M,1
CALUMET HEIGHTS,BLK,0-19,F,10
CALUMET HEIGHTS,BLK,0-19,M,50
CALUMET HEIGHTS,BLK,20-29,F,9
CALUMET HEIGHTS,BLK,20-29,M,102
CALUMET HEIGHTS,BLK,30-39,F,2
CALUMET HEIGHTS,BLK,30-39,M,35
CALUMET HEIGHTS,BLK,40-49,F,4
CALUMET HEIGHTS,BLK,40-49,M,19
CALUMET HEIGHTS,BLK,50-59,F,2
CALUMET HEIGHTS,BLK,50-59,M,4
CALUMET HEIGHTS,BLK,60-69,M,3
CALUMET HEIGHTS,BLK,70-79,F,1
CALUMET HEIGHTS,BLK,70-79,M,1
CALUMET HEIGHTS,UNKNOWN,20-29,M,1
CALUMET HEIGHTS,UNKNOWN,20-29,UNKNOWN,1
CALUMET HEIGHTS,UNKNOWN,40-49,F,1
CALUMET HEIGHTS,UNKNOWN,UNKNOWN,UNKNOWN,2
CALUMET HEIGHTS,WWH,0-19,M,4
CALUMET HEIGHTS,WWH,20-29,M,1
CALUMET HEIGHTS,WWH,40-49,M,1
CHATHAM,API,20-29,M,4
CHATHAM,BLK,0-19,F,35
CHATHAM,BLK,0-19,M,202
CHATHAM,BLK,20-29,F,64
CHATHAM,BLK,20-29,M,406
CHATHAM,BLK,30-39,F,24
CHATHAM,BLK,30-39,M,186
CHATHAM,BLK,40-49,F,15
CHATHAM,BLK,40-49,M,86
CHATHAM,BLK,50-59,F,10
CHATHAM,BLK,50-59,M,38
CHATHAM,BLK,60-69,M,21
CHATHAM,BLK,70-79,M,3
CHATHAM,BLK,80+,M,5
CHATHAM,BLK,UNKNOWN,M,1
CHATHAM,UNKNOWN,0-19,UNKNOWN,1
CHATHAM,UNKNOWN,20-29,M,6
CHATHAM,UNKNOWN,20-29,UNKNOWN,1
CHATHAM,UNKNOWN,30-39,F,1
CHATHAM,UNKNOWN,30-39,M,1
CHATHAM,UNKNOWN,UNKNOWN,UNKNOWN,15
CHATHAM,WBH,20-29,M,1
CHATHAM,WHI,20-29,F,1
CHATHAM,WHI,30-39,F,1
CHATHAM,WHI,30-39,M,4
CHATHAM,WHI,40-49,M,2
CHATHAM,WHI,60-69,M,1
CHATHAM,WWH,20-29,F,1
CHATHAM,WWH,20-29,M,5
CHATHAM,WWH,30-39,F,4
CHATHAM,WWH,30-39,M,4
CHATHAM,WWH,40-49,F,1
CHATHAM,WWH,40-49,M,1
CHATHAM,WWH,UNKNOWN,F,1
CHATHAM,WWH,UNKNOWN,M,1
CHICAGO LAWN,API,20-29,M,2
CHICAGO LAWN,API,30-39,M,1
CHICAGO LAWN,API,50-59,M,1
CHICAGO LAWN,BLK,0-19,F,44
CHICAGO LAWN,BLK,0-19,M,280
CHICAGO LAWN,BLK,20-29,F,56
CHICAGO LAWN,BLK,20-29,M,408
CHICAGO LAWN,BLK,30-39,F,27
CHICAGO LAWN,BLK,30-39,M,190
CHICAGO LAWN,BLK,40-49,F,13
CHICAGO LAWN,BLK,40-49,M,61
CHICAGO LAWN,BLK,50-59,F,9
CHICAGO LAWN,BLK,50-59,M,27
CHICAGO LAWN,BLK,60-69,F,2
CHICAGO LAWN,BLK,60-69,M,2
CHICAGO LAWN,BLK,70-79,M,1
CHICAGO LAWN,BLK,UNKNOWN,F,1
CHICAGO LAWN,BLK,UNKNOWN,M,1
CHICAGO LAWN,UNKNOWN,0-19,M,1
CHICAGO LAWN,UNKNOWN,20-29,M,3
CHICAGO LAWN,UNKNOWN,20-29,UNKNOWN,2
CHICAGO LAWN,UNKNOWN,30-39,F,1
CHICAGO LAWN,UNKNOWN,30-39,M,2
CHICAGO LAWN,UNKNOWN,40-49,M,1
CHICAGO LAWN,UNKNOWN,50-59,M,1
CHICAGO LAWN,UNKNOWN,UNKNOWN,UNKNOWN,17
CHICAGO LAWN,WBH,0-19,F,1
CHICAGO LAWN,WBH,20-29,M,5
CHICAGO LAWN,WBH,30-39,M,4
CHICAGO LAWN,WHI,0-19,F,1
CHICAGO LAWN,WHI,0-19,M,2
CHICAGO LAWN,WHI,20-29,F,2
CHICAGO LAWN,WHI,20-29,M,5
CHICAGO LAWN,WHI,30-39,F,1
CHICAGO LAWN,WHI,30-39,M,4
CHICAGO LAWN,WHI,40-49,M,3
CHICAGO LAWN,WHI,50-59,M,4
CHICAGO LAWN,WWH,0-19,F,10
CHICAGO LAWN,WWH,0-19,M,73
CHICAGO LAWN,WWH,20-29,F,16
CHICAGO LAWN,WWH,20-29,M,95
CHICAGO LAWN,WWH,30-39,F,11
CHICAGO LAWN,WWH,30-39,M,40
CHICAGO LAWN,WWH,40-49,F,3
CHICAGO LAWN,WWH,40-49,M,20
CHICAGO LAWN,WWH,50-59,M,5
CHICAGO LAWN,WWH,60-69,M,5
CHICAGO LAWN,WWH,70-79,F,1
CHICAGO LAWN,WWH,70-79,M,1
CHICAGO LAWN,WWH,UNKNOWN,F,1
CLEARING,BLK,20-29,M,1
CLEARING,BLK,30-39,M,2
CLEARING,BLK,40-49,M,1
CLEARING,WHI,20-29,M,3
CLEARING,WHI,30-39,M,4
CLEARING,WHI,60-69,F,1
CLEARING,WWH,0-19,F,1
CLEARING,WWH,0-19,M,6
CLEARING,WWH,20-29,M,7
CLEARING,WWH,30-39,M,3
CLEARING,WWH,40-49,M,1
DOUGLAS,API,0-19,M,1
DOUGLAS,API,20-29,M,1
DOUGLAS,BLK,0-19,F,12
DOUGLAS,BLK,0-19,M,60
DOUGLAS,BLK,0-19,UNKNOWN,1
DOUGLAS,BLK,20-29,F,8
DOUGLAS,BLK,20-29,M,101
DOUGLAS,BLK,30-39,F,8
DOUGLAS,BLK,30-39,M,50
DOUGLAS,BLK,40-49,F,3
DOUGLAS,BLK,40-49,M,17
DOUGLAS,BLK,50-59,F,2
DOUGLAS,BLK,50-59,M,8
DOUGLAS,BLK,60-69,F,3
DOUGLAS,BLK,60-69,M,5
DOUGLAS,BLK,70-79,F,1
DOUGLAS,BLK,80+,F,1
DOUGLAS,BLK,UNKNOWN,F,1
DOUGLAS,BLK,UNKNOWN,M,2
DOUGLAS,UNKNOWN,0-19,M,1
DOUGLAS,UNKNOWN,20-29,F,1
DOUGLAS,UNKNOWN,20-29,M,2
DOUGLAS,UNKNOWN,UNKNOWN,UNKNOWN,3
DOUGLAS,WBH,50-59,M,1
DOUGLAS,WWH,30-39,M,1
DUNNING,API,60-69,M,1
DUNNING,BLK,30-39,M,1
DUNNING,BLK,40-49,M,1
DUNNING,UNKNOWN,UNKNOWN,UNKNOWN,2
DUNNING,WBH,0-19,M,1
DUNNING,WBH,20-29,M,1
DUNNING,WHI,0-19,F,1
DUNNING,WHI,0-19,M,1
DUNNING,WHI,20-29,F,1
DUNNING,WHI,20-29,M,8
DUNNING,WHI,30-39,F,1
DUNNING,WHI,30-39,M,3
DUNNING,WHI,40-49,F,1
DUNNING,WHI,40-49,M,2
DUNNING,WHI,50-59,M,1
DUNNING,WHI,60-69,F,1
DUNNING,WHI,60-69,M,1
DUNNING,WHI,80+,F,1
DUNNING,WWH,0-19,F,1
DUNNING,WWH,0-19,M,2
DUNNING,WWH,20-29,F,1
DUNNING,WWH,20-29,M,12
DUNNING,WWH,30-39,F,1
DUNNING,WWH,30-39,M,6
DUNNING,WWH,40-49,M,4
DUNNING,WWH,50-59,M,1
EAST GARFIELD PARK,API,30-39,M,1
EAST GARFIELD PARK,API,50-59,M,1
EAST GARFIELD PARK,BLK,0-19,F,35
EAST GARFIELD PARK,BLK,0-19,M,242
EAST GARFIELD PARK,BLK,20-29,F,56
EAST GARFIELD PARK,BLK,20-29,M,568
EAST GARFIELD PARK,BLK,30-39,F,35
EAST GARFIELD PARK,BLK,30-39,M,309
EAST GARFIELD PARK,BLK,40-49,F,20
EAST GARFIELD PARK,BLK,40-49,M,121
EAST GARFIELD PARK,BLK,50-59,F,6
EAST GARFIELD PARK,BLK,50-59,M,45
EAST GARFIELD PARK,BLK,50-59,UNKNOWN,1
EAST GARFIELD PARK,BLK,60-69,F,4
EAST GARFIELD PARK,BLK,60-69,M,9
EAST GARFIELD PARK,BLK,70-79,F,2
EAST GARFIELD PARK,BLK,UNKNOWN,F,1
EAST GARFIELD PARK,BLK,UNKNOWN,M,2
EAST GARFIELD PARK,UNKNOWN,0-19,M,2
EAST GARFIELD PARK,UNKNOWN,20-29,F,3
EAST GARFIELD PARK,UNKNOWN,20-29,M,3
EAST GARFIELD PARK,UNKNOWN,30-39,F,4
EAST GARFIELD PARK,UNKNOWN,30-39,M,4
EAST GARFIELD PARK,UNKNOWN,40-49,M,1
EAST GARFIELD PARK,UNKNOWN,UNKNOWN,M,2
EAST GARFIELD PARK,UNKNOWN,UNKNOWN,UNKNOWN,20
EAST GARFIELD PARK,WBH,20-29,M,2
EAST GARFIELD PARK,WBH,30-39,M,1
EAST GARFIELD PARK,WBH,40-49,F,1
EAST GARFIELD PARK,WBH,60-69,M,1
EAST GARFIELD PARK,WHI,0-19,F,1
EAST GARFIELD PARK,WHI,20-29,M,3
EAST GARFIELD PARK,WHI,30-39,M,5
EAST GARFIELD PARK,WHI,50-59,M,2
EAST GARFIELD PARK,WHI,UNKNOWN,M,2
EAST GARFIELD PARK,WWH,0-19,F,2
EAST GARFIELD PARK,WWH,0-19,M,2
EAST GARFIELD PARK,WWH,20-29,F,1
EAST GARFIELD PARK,WWH,20-29,M,9
EAST GARFIELD PARK,WWH,30-39,F,2
EAST GARFIELD PARK,WWH,30-39,M,7
EAST GARFIELD PARK,WWH,40-49,M,5
EAST GARFIELD PARK,WWH,50-59,M,1
EAST SIDE,BLK,0-19,M,8
EAST SIDE,BLK,20-29,F,1
EAST SIDE,BLK,20-29,M,8
EAST SIDE,BLK,30-39,M,1
EAST SIDE,BLK,60-69,M,1
EAST SIDE,UNKNOWN,30-39,M,1
EAST SIDE,UNKNOWN,UNKNOWN,UNKNOWN,4
EAST SIDE,WBH,0-19,M,1
EAST SIDE,WBH,20-29,M,2
EAST SIDE,WBH,30-39,M,1
EAST SIDE,WHI,20-29,M,5
EAST SIDE,WHI,40-49,M,1
EAST SIDE,WHI,50-59,F,1
EAST SIDE,WHI,50-59,M,1
EAST SIDE,WHI,70-79,M,1
EAST SIDE,WWH,0-19,F,2
EAST SIDE,WWH,0-19,M,40
EAST SIDE,WWH,20-29,F,5
EAST SIDE,WWH,20-29,M,56
EAST SIDE,WWH,30-39,F,2
EAST SIDE,WWH,30-39,M,21
EAST SIDE,WWH,40-49,M,7
EAST SIDE,WWH,50-59,M,3
EAST SIDE,WWH,60-69,M,2
EDGEWATER,BLK,0-19,F,2
EDGEWATER,BLK,0-19,M,11
EDGEWATER,BLK,20-29,F,3
EDGEWATER,BLK,20-29,M,31
EDGEWATER,BLK,30-39,M,18
EDGEWATER,BLK,40-49,F,1
EDGEWATER,BLK,40-49,M,8
EDGEWATER,BLK,50-59,F,2
EDGEWATER,BLK,50-59,M,4
EDGEWATER,BLK,60-69,M,2
EDGEWATER,UNKNOWN,30-39,M,1
EDGEWATER,UNKNOWN,UNKNOWN,UNKNOWN,1
EDGEWATER,WBH,0-19,M,1
EDGEWATER,WBH,30-39,M,1
EDGEWATER,WHI,30-39,M,4
EDGEWATER,WHI,40-49,M,1
EDGEWATER,WHI,50-59,M,2
EDGEWATER,WHI,60-69,M,1
EDGEWATER,WHI,70-79,F,1
EDGEWATER,WWH,0-19,F,1
EDGEWATER,WWH,0-19,M,5
EDGEWATER,WWH,20-29,M,5
EDGEWATER,WWH,30-39,M,5
EDGEWATER,WWH,50-59,F,1
EDGEWATER,WWH,70-79,F,1
EDISON PARK,WHI,70-79,F,1
EDISON PARK,WWH,40-49,M,1
ENGLEWOOD,API,30-39,M,3
ENGLEWOOD,API,40-49,M,2
ENGLEWOOD,API,50-59,F,1
ENGLEWOOD,API,50-59,M,1
ENGLEWOOD,API,70-79,M,1
ENGLEWOOD,BLK,0-19,F,56
ENGLEWOOD,BLK,0-19,M,389
ENGLEWOOD,BLK,20-29,F,86
ENGLEWOOD,BLK,20-29,M,771
ENGLEWOOD,BLK,30-39,F,49
ENGLEWOOD,BLK,30-39,M,350
ENGLEWOOD,BLK,40-49,F,17
ENGLEWOOD,BLK,40-49,M,142
ENGLEWOOD,BLK,50-59,F,6
ENGLEWOOD,BLK,50-59,M,61
ENGLEWOOD,BLK,60-69,F,4
ENGLEWOOD,BLK,60-69,M,24
ENGLEWOOD,BLK,70-79,F,2
ENGLEWOOD,BLK,70-79,M,7
ENGLEWOOD,BLK,80+,F,1
ENGLEWOOD,BLK,80+,M,2
ENGLEWOOD,BLK,UNKNOWN,M,1
ENGLEWOOD,UNKNOWN,0-19,M,1
ENGLEWOOD,UNKNOWN,20-29,F,1
ENGLEWOOD,UNKNOWN,20-29,M,4
ENGLEWOOD,UNKNOWN,40-49,M,1
ENGLEWOOD,UNKNOWN,40-49,UNKNOWN,2
ENGLEWOOD,UNKNOWN,50-59,M,1
ENGLEWOOD,UNKNOWN,UNKNOWN,UNKNOWN,10
ENGLEWOOD,WBH,0-19,F,1
ENGLEWOOD,WBH,20-29,M,3
ENGLEWOOD,WBH,30-39,M,1
ENGLEWOOD,WHI,20-29,F,1
ENGLEWOOD,WHI,20-29,M,1
ENGLEWOOD,WHI,30-39,M,1
ENGLEWOOD,WHI,40-49,M,1
ENGLEWOOD,WHI,50-59,M,1
ENGLEWOOD,WHI,60-69,M,1
ENGLEWOOD,WWH,0-19,F,2
ENGLEWOOD,WWH,0-19,M,3
ENGLEWOOD,WWH,20-29,M,7
ENGLEWOOD,WWH,30-39,M,4
ENGLEWOOD,WWH,40-49,F,1
ENGLEWOOD,WWH,40-49,M,1
ENGLEWOOD,WWH,50-59,M,1
ENGLEWOOD,WWH,UNKNOWN,M,1
FOREST GLEN,API,20-29,M,1
FOREST GLEN,BLK,20-29,M,1
FOREST GLEN,BLK,40-49,M,1
FOREST GLEN,WHI,0-19,M,1
FOREST GLEN,WHI,20-29,M,1
FOREST GLEN,WHI,30-39,M,1
FOREST GLEN,WHI,50-59,M,1
FOREST GLEN,WHI,60-69,M,1
FOREST GLEN,WWH,20-29,M,1
FOREST GLEN,WWH,30-39,M,1
FULLER PARK,BLK,0-19,F,6
FULLER PARK,BLK,0-19,M,42
FULLER PARK,BLK,20-29,F,15
FULLER PARK,BLK,20-29,M,81
FULLER PARK,BLK,30-39,F,9
FULLER PARK,BLK,30-39,M,53
FULLER PARK,BLK,40-49,F,2
FULLER PARK,BLK,40-49,M,19
FULLER PARK,BLK,50-59,M,8
FULLER PARK,BLK,60-69,F,1
FULLER PARK,BLK,60-69,M,1
FULLER PARK,UNKNOWN,20-29,M,1
FULLER PARK,UNKNOWN,60-69,M,1
FULLER PARK,UNKNOWN,UNKNOWN,UNKNOWN,4
FULLER PARK,WBH,20-29,M,2
FULLER PARK,WHI,0-19,F,1
FULLER PARK,WHI,0-19,M,1
FULLER PARK,WHI,30-39,M,1
FULLER PARK,WHI,40-49,M,1
FULLER PARK,WHI,60-69,M,1
FULLER PARK,WWH,0-19,M,1
FULLER PARK,WWH,20-29,M,8
FULLER PARK,WWH,30-39,M,2
FULLER PARK,WWH,UNKNOWN,M,1
GAGE PARK,BLK,0-19,F,2
GAGE PARK,BLK,0-19,M,22
GAGE PARK,BLK,20-29,M,23
GAGE PARK,BLK,30-39,M,10
GAGE PARK,BLK,40-49,F,1
GAGE PARK,BLK,40-49,M,4
GAGE PARK,BLK,50-59,M,2
GAGE PARK,BLK,UNKNOWN,M,1
GAGE PARK,UNKNOWN,0-19,M,1
GAGE PARK,UNKNOWN,20-29,M,1
GAGE PARK,UNKNOWN,UNKNOWN,UNKNOWN,8
GAGE PARK,WBH,20-29,F,1
GAGE PARK,WBH,30-39,M,2
GAGE PARK,WBH,40-49,F,1
GAGE PARK,WHI,0-19,M,2
GAGE PARK,WHI,20-29,M,4
GAGE PARK,WHI,30-39,F,2
GAGE PARK,WHI,30-39,M,7
GAGE PARK,WHI,40-49,M,2
GAGE PARK,WHI,50-59,M,1
GAGE PARK,WHI,60-69,M,3
GAGE PARK,WWH,0-19,F,10
GAGE PARK,WWH,0-19,M,107
GAGE PARK,WWH,20-29,F,15
GAGE PARK,WWH,20-29,M,152
GAGE PARK,WWH,30-39,F,5
GAGE PARK,WWH,30-39,M,63
GAGE PARK,WWH,40-49,F,2
GAGE PARK,WWH,40-49,M,18
GAGE PARK,WWH,50-59,F,2
GAGE PARK,WWH,50-59,M,4
GAGE PARK,WWH,60-69,M,1
GAGE PARK,WWH,70-79,F,1
GAGE PARK,WWH,70-79,M,1
GARFIELD RIDGE,BLK,0-19,F,1
GARFIELD RIDGE,BLK,0-19,M,2
GARFIELD RIDGE,BLK,20-29,F,4
GARFIELD RIDGE,BLK,20-29,M,23
GARFIELD RIDGE,BLK,30-39,F,2
GARFIELD RIDGE,BLK,30-39,M,8
GARFIELD RIDGE,BLK,40-49,F,1
GARFIELD RIDGE,BLK,40-49,M,6
GARFIELD RIDGE,BLK,50-59,M,3
GARFIELD RIDGE,BLK,60-69,F,1
GARFIELD RIDGE,BLK,60-69,M,1
GARFIELD RIDGE,UNKNOWN,20-29,M,1
GARFIELD RIDGE,UNKNOWN,UNKNOWN,UNKNOWN,3
GARFIELD RIDGE,WHI,20-29,M,1
GARFIELD RIDGE,WHI,30-39,M,2
GARFIELD RIDGE,WHI,40-49,F,1
GARFIELD RIDGE,WHI,50-59,M,1
GARFIELD RIDGE,WHI,60-69,M,1
GARFIELD RIDGE,WHI,70-79,F,1
GARFIELD RIDGE,WWH,0-19,M,12
GARFIELD RIDGE,WWH,20-29,M,18
GARFIELD RIDGE,WWH,30-39,F,2
GARFIELD RIDGE,WWH,30-39,M,9
GARFIELD RIDGE,WWH,40-49,M,3
GARFIELD RIDGE,WWH,50-59,F,2
GARFIELD RIDGE,WWH,60-69,M,1
GRAND BOULEVARD,API,30-39,M,1
GRAND BOULEVARD,BLK,0-19,F,14
GRAND BOULEVARD,BLK,0-19,M,147
GRAND BOULEVARD,BLK,20-29,F,22
GRAND BOULEVARD,BLK,20-29,M,239
GRAND BOULEVARD,BLK,20-29,UNKNOWN,2
GRAND BOULEVARD,BLK,30-39,F,12
GRAND BOULEVARD,BLK,30-39,M,110
GRAND BOULEVARD,BLK,40-49,F,10
GRAND BOULEVARD,BLK,40-49,M,48
GRAND BOULEVARD,BLK,50-59,F,5
GRAND BOULEVARD,BLK,50-59,M,19
GRAND BOULEVARD,BLK,60-69,F,2
GRAND BOULEVARD,BLK,60-69,M,9
GRAND BOULEVARD,BLK,70-79,F,1
GRAND BOULEVARD,BLK,70-79,M,1
GRAND BOULEVARD,I,20-29,F,1
GRAND BOULEVARD,UNKNOWN,0-19,M,3
GRAND BOULEVARD,UNKNOWN,0-19,UNKNOWN,1
GRAND BOULEVARD,UNKNOWN,20-29,M,4
GRAND BOULEVARD,UNKNOWN,30-39,M,1
GRAND BOULEVARD,UNKNOWN,UNKNOWN,UNKNOWN,8
GRAND BOULEVARD,WBH,30-39,M,2
GRAND BOULEVARD,WHI,20-29,F,1
GRAND BOULEVARD,WHI,20-29,M,2
GRAND BOULEVARD,WHI,30-39,M,1
GRAND BOULEVARD,WWH,20-29,F,1
GRAND BOULEVARD,WWH,20-29,M,3
GRAND BOULEVARD,WWH,30-39,M,1
GRAND BOULEVARD,WWH,40-49,F,1
GRAND BOULEVARD,WWH,40-49,M,1
GREATER GRAND CROSSING,API,20-29,M,4
GREATER GRAND CROSSING,API,30-39,F,1
GREATER GRAND CROSSING,API,40-49,M,2
GREATER GRAND CROSSING,API,50-59,M,1
GREATER GRAND CROSSING,API,70-79,M,1
GREATER GRAND CROSSING,BLK,0-19,F,52
GREATER GRAND CROSSING,BLK,0-19,M,288
GREATER GRAND CROSSING,BLK,20-29,F,103
GREATER GRAND CROSSING,BLK,20-29,M,670
GREATER GRAND CROSSING,BLK,30-39,F,50
GREATER GRAND CROSSING,BLK,30-39,M,342
GREATER GRAND CROSSING,BLK,40-49,F,23
GREATER GRAND CROSSING,BLK,40-49,M,135
GREATER GRAND CROSSING,BLK,50-59,F,16
GREATER GRAND CROSSING,BLK,50-59,M,61
GREATER GRAND CROSSING,BLK,60-69,F,3
GREATER GRAND CROSSING,BLK,60-69,M,17
GREATER GRAND CROSSING,BLK,70-79,M,3
GREATER GRAND CROSSING,BLK,80+,F,1
GREATER GRAND CROSSING,BLK,UNKNOWN,F,1
GREATER GRAND CROSSING,BLK,UNKNOWN,M,1
GREATER GRAND CROSSING,UNKNOWN,0-19,F,3
GREATER GRAND CROSSING,UNKNOWN,0-19,M,2
GREATER GRAND CROSSING,UNKNOWN,0-19,UNKNOWN,2
GREATER GRAND CROSSING,UNKNOWN,20-29,F,1
GREATER GRAND CROSSING,UNKNOWN,20-29,M,2
GREATER GRAND CROSSING,UNKNOWN,20-29,UNKNOWN,1
GREATER GRAND CROSSING,UNKNOWN,30-39,F,2
GREATER GRAND CROSSING,UNKNOWN,30-39,M,4
GREATER GRAND CROSSING,UNKNOWN,30-39,UNKNOWN,1
GREATER GRAND CROSSING,UNKNOWN,40-49,M,2
GREATER GRAND CROSSING,UNKNOWN,40-49,UNKNOWN,1
GREATER GRAND CROSSING,UNKNOWN,UNKNOWN,UNKNOWN,14
GREATER GRAND CROSSING,WBH,20-29,M,3
GREATER GRAND CROSSING,WBH,30-39,F,1
GREATER GRAND CROSSING,WHI,20-29,M,3
GREATER GRAND CROSSING,WHI,30-39,M,2
GREATER GRAND CROSSING,WHI,40-49,M,3
GREATER GRAND CROSSING,WHI,50-59,M,1
GREATER GRAND CROSSING,WHI,60-69,M,2
GREATER GRAND CROSSING,WWH,0-19,M,2
GREATER GRAND CROSSING,WWH,20-29,F,2
GREATER GRAND CROSSING,WWH,20-29,M,5
GREATER GRAND CROSSING,WWH,30-39,M,3
GREATER GRAND CROSSING,WWH,40-49,M,1
GREATER GRAND CROSSING,WWH,50-59,F,1
GREATER GRAND CROSSING,WWH,50-59,M,1
GREATER GRAND CROSSING,WWH,70-79,M,1
HEGEWISCH,BLK,20-29,M,6
HEGEWISCH,BLK,30-39,M,4
HEGEWISCH,BLK,40-49,UNKNOWN,1
HEGEWISCH,UNKNOWN,20-29,M,1
HEGEWISCH,UNKNOWN,UNKNOWN,UNKNOWN,1
HEGEWISCH,WHI,0-19,F,1
HEGEWISCH,WHI,20-29,F,1
HEGEWISCH,WHI,40-49,M,1
HEGEWISCH,WHI,50-59,F,1
HEGEWISCH,WHI,50-59,M,3
HEGEWISCH,WHI,70-79,F,1
HEGEWISCH,WHI,70-79,M,1
HEGEWISCH,WWH,0-19,M,3
HEGEWISCH,WWH,20-29,F,1
HEGEWISCH,WWH,20-29,M,6
HEGEWISCH,WWH,30-39,F,1
HEGEWISCH,WWH,30-39,M,4
HEGEWISCH,WWH,40-49,F,1
HEGEWISCH,WWH,40-49,M,1
HERMOSA,API,20-29,M,2
HERMOSA,BLK,0-19,F,1
HERMOSA,BLK,0-19,M,6
HERMOSA,BLK,20-29,F,1
HERMOSA,BLK,20-29,M,9
HERMOSA,BLK,30-39,M,8
HERMOSA,UNKNOWN,0-19,F,1
HERMOSA,UNKNOWN,20-29,F,1
HERMOSA,UNKNOWN,20-29,M,2
HERMOSA,UNKNOWN,UNKNOWN,UNKNOWN,5
HERMOSA,WBH,0-19,F,1
HERMOSA,WBH,0-19,M,1
HERMOSA,WBH,20-29,F,1
HERMOSA,WBH,20-29,M,3
HERMOSA,WBH,30-39,M,3
HERMOSA,WHI,0-19,M,1
HERMOSA,WHI,20-29,M,4
HERMOSA,WHI,30-39,M,3
HERMOSA,WWH,0-19,F,9
HERMOSA,WWH,0-19,M,40
HERMOSA,WWH,20-29,F,8
HERMOSA,WWH,20-29,M,61
HERMOSA,WWH,30-39,M,23
HERMOSA,WWH,40-49,M,10
HERMOSA,WWH,50-59,F,1
HERMOSA,WWH,50-59,M,4
HERMOSA,WWH,60-69,M,2
HERMOSA,WWH,70-79,M,1
HUMBOLDT PARK,API,0-19,M,1
HUMBOLDT PARK,API,20-29,M,2
HUMBOLDT PARK,API,30-39,M,2
HUMBOLDT PARK,API,50-59,M,1
HUMBOLDT PARK,BLK,0-19,F,27
HUMBOLDT PARK,BLK,0-19,M,259
HUMBOLDT PARK,BLK,20-29,F,67
HUMBOLDT PARK,BLK,20-29,M,578
HUMBOLDT PARK,BLK,30-39,F,27
HUMBOLDT PARK,BLK,30-39,M,301
HUMBOLDT PARK,BLK,40-49,F,8
HUMBOLDT PARK,BLK,40-49,M,91
HUMBOLDT PARK,BLK,50-59,F,6
HUMBOLDT PARK,BLK,50-59,M,29
HUMBOLDT PARK,BLK,60-69,F,1
HUMBOLDT PARK,BLK,60-69,M,11
HUMBOLDT PARK,BLK,70-79,F,2
HUMBOLDT PARK,BLK,70-79,M,4
HUMBOLDT PARK,BLK,UNKNOWN,M,2
HUMBOLDT PARK,UNKNOWN,0-19,F,1
HUMBOLDT PARK,UNKNOWN,0-19,M,5
HUMBOLDT PARK,UNKNOWN,0-19,UNKNOWN,1
HUMBOLDT PARK,UNKNOWN,20-29,F,1
HUMBOLDT PARK,UNKNOWN,20-29,M,7
HUMBOLDT PARK,UNKNOWN,20-29,UNKNOWN,3
HUMBOLDT PARK,UNKNOWN,30-39,F,1
HUMBOLDT PARK,UNKNOWN,30-39,M,8
HUMBOLDT PARK,UNKNOWN,40-49,M,1
HUMBOLDT PARK,UNKNOWN,UNKNOWN,UNKNOWN,31
HUMBOLDT PARK,WBH,0-19,M,12
HUMBOLDT PARK,WBH,20-29,F,2
HUMBOLDT PARK,WBH,20-29,M,12
HUMBOLDT PARK,WBH,30-39,M,8
HUMBOLDT PARK,WBH,40-49,F,1
HUMBOLDT PARK,WBH,40-49,M,4
HUMBOLDT PARK,WHI,0-19,F,1
HUMBOLDT PARK,WHI,0-19,M,1
HUMBOLDT PARK,WHI,20-29,F,1
HUMBOLDT PARK,WHI,20-29,M,10
HUMBOLDT PARK,WHI,30-39,F,5
HUMBOLDT PARK,WHI,30-39,M,20
HUMBOLDT PARK,WHI,40-49,F,3
HUMBOLDT PARK,WHI,40-49,M,5
HUMBOLDT PARK,WHI,50-59,F,1
HUMBOLDT PARK,WHI,50-59,M,2
HUMBOLDT PARK,WHI,60-69,M,1
HUMBOLDT PARK,WWH,0-19,F,24
HUMBOLDT PARK,WWH,0-19,M,112
HUMBOLDT PARK,WWH,20-29,F,37
HUMBOLDT PARK,WWH,20-29,M,193
HUMBOLDT PARK,WWH,30-39,F,16
HUMBOLDT PARK,WWH,30-39,M,92
HUMBOLDT PARK,WWH,40-49,F,6
HUMBOLDT PARK,WWH,40-49,M,31
HUMBOLDT PARK,WWH,50-59,F,2
HUMBOLDT PARK,WWH,50-59,M,13
HUMBOLDT PARK,WWH,60-69,F,1
HUMBOLDT PARK,WWH,60-69,M,6
HUMBOLDT PARK,WWH,70-79,M,1
HUMBOLDT PARK,WWH,80+,M,1
HUMBOLDT PARK,WWH,UNKNOWN,M,2
HYDE PARK,API,20-29,M,1
HYDE PARK,BLK,0-19,F,1
HYDE PARK,BLK,0-19,M,18
HYDE PARK,BLK,20-29,F,6
HYDE PARK,BLK,20-29,M,36
HYDE PARK,BLK,30-39,F,1
HYDE PARK,BLK,30-39,M,31
HYDE PARK,BLK,40-49,M,5
HYDE PARK,BLK,50-59,M,5
HYDE PARK,BLK,60-69,M,1
HYDE PARK,BLK,70-79,M,1
HYDE PARK,UNKNOWN,30-39,M,1
HYDE PARK,UNKNOWN,UNKNOWN,UNKNOWN,1
HYDE PARK,WHI,50-59,M,1
HYDE PARK,WHI,60-69,F,1
HYDE PARK,WHI,60-69,M,1
HYDE PARK,WWH,0-19,F,1
HYDE PARK,WWH,20-29,F,1
HYDE PARK,WWH,20-29,M,1
IRVING PARK,API,20-29,M,2
IRVING PARK,API,40-49,M,2
IRVING PARK,BLK,0-19,M,3
IRVING PARK,BLK,20-29,F,1
IRVING PARK,BLK,20-29,M,9
IRVING PARK,BLK,30-39,F,2
IRVING PARK,BLK,30-39,M,5
IRVING PARK,BLK,40-49,M,4
IRVING PARK,BLK,50-59,M,2
IRVING PARK,I,0-19,M,1
IRVING PARK,UNKNOWN,0-19,F,1
IRVING PARK,UNKNOWN,20-29,M,2
IRVING PARK,UNKNOWN,UNKNOWN,UNKNOWN,5
IRVING PARK,WBH,0-19,M,2
IRVING PARK,WBH,20-29,F,1
IRVING PARK,WBH,20-29,M,4
IRVING PARK,WBH,30-39,M,1
IRVING PARK,WBH,40-49,M,1
IRVING PARK,WHI,0-19,F,1
IRVING PARK,WHI,0-19,M,5
IRVING PARK,WHI,20-29,F,4
IRVING PARK,WHI,20-29,M,15
IRVING PARK,WHI,30-39,M,8
IRVING PARK,WHI,40-49,M,2
IRVING PARK,WHI,50-59,M,2
IRVING PARK,WHI,60-69,M,1
IRVING PARK,WWH,0-19,F,5
IRVING PARK,WWH,0-19,M,36
IRVING PARK,WWH,20-29,F,9
IRVING PARK,WWH,20-29,M,55
IRVING PARK,WWH,30-39,F,1
IRVING PARK,WWH,30-39,M,20
IRVING PARK,WWH,40-49,F,1
IRVING PARK,WWH,40-49,M,11
IRVING PARK,WWH,50-59,M,4
IRVING PARK,WWH,60-69,M,1
IRVING PARK,WWH,70-79,M,1
JEFFERSON PARK,BLK,30-39,M,1
JEFFERSON PARK,UNKNOWN,0-19,M,1
JEFFERSON PARK,UNKNOWN,20-29,F,1
JEFFERSON PARK,WHI,0-19,F,1
JEFFERSON PARK,WHI,0-19,M,3
JEFFERSON PARK,WHI,30-39,M,4
JEFFERSON PARK,WHI,40-49,M,2
JEFFERSON PARK,WHI,50-59,M,1
JEFFERSON PARK,WHI,80+,F,1
JEFFERSON PARK,WWH,0-19,M,1
JEFFERSON PARK,WWH,20-29,F,3
JEFFERSON PARK,WWH,20-29,M,4
JEFFERSON PARK,WWH,30-39,F,1
JEFFERSON PARK,WWH,30-39,M,2
JEFFERSON PARK,WWH,50-59,M,2
JEFFERSON PARK,WWH,60-69,M,1
KENWOOD,API,30-39,M,1
KENWOOD,API,50-59,M,1
KENWOOD,BLK,0-19,F,7
KENWOOD,BLK,0-19,M,43
KENWOOD,BLK,20-29,F,11
KENWOOD,BLK,20-29,M,66
KENWOOD,BLK,30-39,F,3
KENWOOD,BLK,30-39,M,21
KENWOOD,BLK,40-49,F,1
KENWOOD,BLK,40-49,M,5
KENWOOD,BLK,50-59,M,4
KENWOOD,BLK,60-69,M,2
KENWOOD,BLK,70-79,F,1
KENWOOD,BLK,UNKNOWN,F,1
KENWOOD,I,60-69,M,1
KENWOOD,UNKNOWN,0-19,F,1
KENWOOD,UNKNOWN,0-19,M,2
KENWOOD,UNKNOWN,20-29,F,1
KENWOOD,UNKNOWN,40-49,M,1
KENWOOD,UNKNOWN,UNKNOWN,UNKNOWN,3
KENWOOD,WHI,0-19,M,1
KENWOOD,WHI,40-49,M,1
KENWOOD,WWH,20-29,F,1
LAKE VIEW,API,20-29,M,1
LAKE VIEW,API,30-39,M,1
LAKE VIEW,BLK,0-19,M,10
LAKE VIEW,BLK,20-29,F,1
LAKE VIEW,BLK,20-29,M,14
LAKE VIEW,BLK,30-39,F,1
LAKE VIEW,BLK,30-39,M,10
LAKE VIEW,BLK,40-49,F,2
LAKE VIEW,BLK,40-49,M,2
LAKE VIEW,BLK,50-59,M,2
LAKE VIEW,UNKNOWN,0-19,M,1
LAKE VIEW,UNKNOWN,80+,F,1
LAKE VIEW,UNKNOWN,UNKNOWN,UNKNOWN,2
LAKE VIEW,WBH,20-29,M,2
LAKE VIEW,WHI,0-19,M,2
LAKE VIEW,WHI,20-29,F,3
LAKE VIEW,WHI,20-29,M,6
LAKE VIEW,WHI,30-39,F,1
LAKE VIEW,WHI,30-39,M,3
LAKE VIEW,WHI,40-49,M,1
LAKE VIEW,WHI,50-59,M,2
LAKE VIEW,WHI,70-79,F,1
LAKE VIEW,WHI,80+,M,1
LAKE VIEW,WWH,0-19,M,1
LAKE VIEW,WWH,20-29,F,1
LAKE VIEW,WWH,20-29,M,18
LAKE VIEW,WWH,30-39,F,1
LAKE VIEW,WWH,30-39,M,5
LAKE VIEW,WWH,40-49,M,1
LAKE VIEW,WWH,50-59,M,1
LINCOLN PARK,API,20-29,M,2
LINCOLN PARK,BLK,0-19,F,1
LINCOLN PARK,BLK,0-19,M,3
LINCOLN PARK,BLK,20-29,F,8
LINCOLN PARK,BLK,20-29,M,14
LINCOLN PARK,BLK,30-39,M,8
LINCOLN PARK,BLK,40-49,M,4
LINCOLN PARK,BLK,50-59,M,1
LINCOLN PARK,UNKNOWN,UNKNOWN,UNKNOWN,2
LINCOLN PARK,WBH,40-49,M,1
LINCOLN PARK,WHI,0-19,M,2
LINCOLN PARK,WHI,20-29,F,2
LINCOLN PARK,WHI,20-29,M,1
LINCOLN PARK,WHI,30-39,M,1
LINCOLN PARK,WHI,50-59,M,1
LINCOLN PARK,WHI,60-69,F,2
LINCOLN PARK,WWH,0-19,F,1
LINCOLN PARK,WWH,20-29,F,3
LINCOLN PARK,WWH,20-29,M,17
LINCOLN PARK,WWH,20-29,UNKNOWN,2
LINCOLN PARK,WWH,30-39,F,3
LINCOLN PARK,WWH,30-39,M,2
LINCOLN PARK,WWH,40-49,F,1
LINCOLN PARK,WWH,40-49,M,1
LINCOLN PARK,WWH,50-59,M,1
LINCOLN PARK,WWH,60-69,M,1
LINCOLN SQUARE,API,30-39,M,2
LINCOLN SQUARE,API,50-59,M,2
LINCOLN SQUARE,BLK,0-19,M,2
LINCOLN SQUARE,BLK,20-29,M,4
LINCOLN SQUARE,BLK,30-39,M,2
LINCOLN SQUARE,WBH,0-19,M,1
LINCOLN SQUARE,WHI,0-19,M,1
LINCOLN SQUARE,WHI,20-29,M,2
LINCOLN SQUARE,WHI,30-39,M,2
LINCOLN SQUARE,WHI,40-49,F,1
LINCOLN SQUARE,WHI,40-49,M,1
LINCOLN SQUARE,WWH,0-19,F,1
LINCOLN SQUARE,WWH,0-19,M,5
LINCOLN SQUARE,WWH,20-29,F,5
LINCOLN SQUARE,WWH,20-29,M,12
LINCOLN SQUARE,WWH,30-39,F,3
LINCOLN SQUARE,WWH,30-39,M,1
LINCOLN SQUARE,WWH,40-49,M,3
LINCOLN SQUARE,WWH,50-59,M,1
LOGAN SQUARE,API,20-29,M,2
LOGAN SQUARE,BLK,0-19,F,1
LOGAN SQUARE,BLK,0-19,M,11
LOGAN SQUARE,BLK,20-29,F,7
LOGAN SQUARE,BLK,20-29,M,30
LOGAN SQUARE,BLK,30-39,F,3
LOGAN SQUARE,BLK,30-39,M,16
LOGAN SQUARE,BLK,40-49,M,2
LOGAN SQUARE,BLK,50-59,M,3
LOGAN SQUARE,BLK,60-69,F,1
LOGAN SQUARE,UNKNOWN,0-19,M,1
LOGAN SQUARE,UNKNOWN,20-29,M,4
LOGAN SQUARE,UNKNOWN,40-49,M,1
LOGAN SQUARE,UNKNOWN,UNKNOWN,UNKNOWN,5
LOGAN SQUARE,WBH,0-19,F,1
LOGAN SQUARE,WBH,20-29,F,2
LOGAN SQUARE,WBH,20-29,M,4
LOGAN SQUARE,WBH,30-39,F,1
LOGAN SQUARE,WBH,30-39,M,4
LOGAN SQUARE,WHI,0-19,M,3
LOGAN SQUARE,WHI,20-29,F,7
LOGAN SQUARE,WHI,20-29,M,7
LOGAN SQUARE,WHI,30-39,F,3
LOGAN SQUARE,WHI,30-39,M,5
LOGAN SQUARE,WHI,40-49,F,1
LOGAN SQUARE,WHI,40-49,M,4
LOGAN SQUARE,WHI,50-59,F,1
LOGAN SQUARE,WHI,50-59,M,4
LOGAN SQUARE,WHI,60-69,M,2
LOGAN SQUARE,WWH,0-19,F,9
LOGAN SQUARE,WWH,0-19,M,40
LOGAN SQUARE,WWH,20-29,F,15
LOGAN SQUARE,WWH,20-29,M,108
LOGAN SQUARE,WWH,30-39,F,6
LOGAN SQUARE,WWH,30-39,M,44
LOGAN SQUARE,WWH,40-49,F,3
LOGAN SQUARE,WWH,40-49,M,12
LOGAN SQUARE,WWH,50-59,M,4
LOGAN SQUARE,WWH,60-69,M,2
LOGAN SQUARE,WWH,70-79,M,1
LOOP,API,30-39,M,1
LOOP,BLK,0-19,F,4
LOOP,BLK,0-19,M,20
LOOP,BLK,20-29,F,7
LOOP,BLK,20-29,M,42
LOOP,BLK,30-39,F,4
LOOP,BLK,30-39,M,21
LOOP,BLK,40-49,M,6
LOOP,BLK,50-59,M,6
LOOP,BLK,60-69,F,1
LOOP,UNKNOWN,0-19,F,1
LOOP,UNKNOWN,40-49,M,1
LOOP,UNKNOWN,UNKNOWN,UNKNOWN,3
LOOP,WBH,30-39,M,1
LOOP,WHI,20-29,F,1
LOOP,WHI,20-29,M,3
LOOP,WHI,30-39,F,1
LOOP,WHI,30-39,M,1
LOOP,WHI,40-49,M,2
LOOP,WHI,50-59,M,4
LOOP,WWH,0-19,F,2
LOOP,WWH,0-19,M,3
LOOP,WWH,20-29,F,2
LOOP,WWH,20-29,M,10
LOOP,WWH,30-39,M,4
LOOP,WWH,40-49,F,1
LOOP,WWH,40-49,M,1
LOOP,WWH,UNKNOWN,M,1
LOWER WEST SIDE,API,20-29,M,1
LOWER WEST SIDE,BLK,0-19,M,7
LOWER WEST SIDE,BLK,20-29,F,4
LOWER WEST SIDE,BLK,20-29,M,21
LOWER WEST SIDE,BLK,30-39,M,11
LOWER WEST SIDE,BLK,40-49,M,3
LOWER WEST SIDE,BLK,50-59,M,1
LOWER WEST SIDE,I,20-29,F,1
LOWER WEST SIDE,UNKNOWN,0-19,UNKNOWN,1
LOWER WEST SIDE,UNKNOWN,40-49,M,1
LOWER WEST SIDE,UNKNOWN,UNKNOWN,UNKNOWN,9
LOWER WEST SIDE,WBH,0-19,M,1
LOWER WEST SIDE,WBH,20-29,M,5
LOWER WEST SIDE,WBH,30-39,M,3
LOWER WEST SIDE,WBH,40-49,F,1
LOWER WEST SIDE,WHI,0-19,M,2
LOWER WEST SIDE,WHI,20-29,F,3
LOWER WEST SIDE,WHI,20-29,M,18
LOWER WEST SIDE,WHI,30-39,F,1
LOWER WEST SIDE,WHI,30-39,M,5
LOWER WEST SIDE,WHI,40-49,M,3
LOWER WEST SIDE,WWH,0-19,F,11
LOWER WEST SIDE,WWH,0-19,M,110
LOWER WEST SIDE,WWH,20-29,F,22
LOWER WEST SIDE,WWH,20-29,M,198
LOWER WEST SIDE,WWH,30-39,F,14
LOWER WEST SIDE,WWH,30-39,M,96
LOWER WEST SIDE,WWH,40-49,F,6
LOWER WEST SIDE,WWH,40-49,M,35
LOWER WEST SIDE,WWH,50-59,M,15
LOWER WEST SIDE,WWH,60-69,M,3
LOWER WEST SIDE,WWH,70-79,M,1
LOWER WEST SIDE,WWH,80+,F,1
MCKINLEY PARK,API,20-29,F,1
MCKINLEY PARK,BLK,0-19,M,3
MCKINLEY PARK,BLK,20-29,F,1
MCKINLEY PARK,BLK,20-29,M,8
MCKINLEY PARK,BLK,30-39,F,1
MCKINLEY PARK,BLK,30-39,M,2
MCKINLEY PARK,BLK,40-49,M,1
MCKINLEY PARK,UNKNOWN,30-39,M,1
MCKINLEY PARK,UNKNOWN,UNKNOWN,UNKNOWN,1
MCKINLEY PARK,WBH,20-29,M,1
MCKINLEY PARK,WHI,0-19,F,1
MCKINLEY PARK,WHI,0-19,M,3
MCKINLEY PARK,WHI,20-29,F,1
MCKINLEY PARK,WHI,20-29,M,7
MCKINLEY PARK,WHI,30-39,F,1
MCKINLEY PARK,WHI,30-39,M,7
MCKINLEY PARK,WHI,40-49,F,1
MCKINLEY PARK,WHI,40-49,M,1
MCKINLEY PARK,WHI,50-59,M,1
MCKINLEY PARK,WHI,60-69,M,1
MCKINLEY PARK,WWH,0-19,F,3
MCKINLEY PARK,WWH,0-19,M,24
MCKINLEY PARK,WWH,20-29,F,4
MCKINLEY PARK,WWH,20-29,M,38
MCKINLEY PARK,WWH,30-39,F,1
MCKINLEY PARK,WWH,30-39,M,14
MCKINLEY PARK,WWH,40-49,F,1
MCKINLEY PARK,WWH,40-49,M,5
MCKINLEY PARK,WWH,60-69,F,1
MONTCLARE,BLK,20-29,M,1
MONTCLARE,BLK,30-39,M,2
MONTCLARE,BLK,50-59,F,1
MONTCLARE,UNKNOWN,UNKNOWN,UNKNOWN,1
MONTCLARE,WBH,20-29,F,1
MONTCLARE,WBH,20-29,M,1
MONTCLARE,WHI,0-19,M,1
MONTCLARE,WHI,20-29,F,2
MONTCLARE,WHI,20-29,M,1
MONTCLARE,WHI,30-39,M,1
MONTCLARE,WHI,50-59,M,1
MONTCLARE,WWH,0-19,F,2
MONTCLARE,WWH,0-19,M,5
MONTCLARE,WWH,20-29,F,2
MONTCLARE,WWH,20-29,M,9
MONTCLARE,WWH,30-39,M,8
MONTCLARE,WWH,40-49,M,1
MORGAN PARK,BLK,0-19,F,16
MORGAN PARK,BLK,0-19,M,72
MORGAN PARK,BLK,20-29,F,14
MORGAN PARK,BLK,20-29,M,120
MORGAN PARK,BLK,30-39,F,4
MORGAN PARK,BLK,30-39,M,51
MORGAN PARK,BLK,40-49,F,5
MORGAN PARK,BLK,40-49,M,22
MORGAN PARK,BLK,50-59,M,5
MORGAN PARK,BLK,60-69,F,3
MORGAN PARK,BLK,60-69,M,6
MORGAN PARK,BLK,70-79,F,1
MORGAN PARK,BLK,70-79,M,1
MORGAN PARK,BLK,80+,F,1
MORGAN PARK,BLK,80+,M,1
MORGAN PARK,BLK,UNKNOWN,F,2
MORGAN PARK,BLK,UNKNOWN,M,1
MORGAN PARK,UNKNOWN,0-19,M,1
MORGAN PARK,UNKNOWN,30-39,UNKNOWN,1
MORGAN PARK,UNKNOWN,UNKNOWN,UNKNOWN,7
MORGAN PARK,WBH,20-29,M,1
MORGAN PARK,WHI,20-29,M,1
MORGAN PARK,WHI,30-39,M,1
MORGAN PARK,WHI,40-49,M,2
MORGAN PARK,WHI,70-79,M,1
MORGAN PARK,WWH,20-29,M,2
MOUNT GREENWOOD,BLK,20-29,M,1
MOUNT GREENWOOD,BLK,50-59,F,1
MOUNT GREENWOOD,UNKNOWN,UNKNOWN,UNKNOWN,1
MOUNT GREENWOOD,WHI,20-29,M,1
NEAR NORTH SIDE,API,20-29,F,3
NEAR NORTH SIDE,API,20-29,M,3
NEAR NORTH SIDE,API,30-39,M,1
NEAR NORTH SIDE,API,40-49,M,1
NEAR NORTH SIDE,BLK,0-19,F,2
NEAR NORTH SIDE,BLK,0-19,M,32
NEAR NORTH SIDE,BLK,20-29,F,25
NEAR NORTH SIDE,BLK,20-29,M,136
NEAR NORTH SIDE,BLK,30-39,F,5
NEAR NORTH SIDE,BLK,30-39,M,64
NEAR NORTH SIDE,BLK,40-49,F,3
NEAR NORTH SIDE,BLK,40-49,M,27
NEAR NORTH SIDE,BLK,50-59,F,1
NEAR NORTH SIDE,BLK,50-59,M,5
NEAR NORTH SIDE,BLK,60-69,F,1
NEAR NORTH SIDE,BLK,60-69,M,2
NEAR NORTH SIDE,BLK,UNKNOWN,M,3
NEAR NORTH SIDE,UNKNOWN,0-19,M,1
NEAR NORTH SIDE,UNKNOWN,0-19,UNKNOWN,1
NEAR NORTH SIDE,UNKNOWN,20-29,F,1
NEAR NORTH SIDE,UNKNOWN,20-29,M,1
NEAR NORTH SIDE,UNKNOWN,20-29,UNKNOWN,1
NEAR NORTH SIDE,UNKNOWN,30-39,M,1
NEAR NORTH SIDE,UNKNOWN,UNKNOWN,UNKNOWN,6
NEAR NORTH SIDE,WBH,0-19,M,1
NEAR NORTH SIDE,WBH,20-29,M,1
NEAR NORTH SIDE,WHI,0-19,M,1
NEAR NORTH SIDE,WHI,20-29,F,7
NEAR NORTH SIDE,WHI,20-29,M,10
NEAR NORTH SIDE,WHI,30-39,M,5
NEAR NORTH SIDE,WHI,40-49,M,4
NEAR NORTH SIDE,WHI,50-59,F,1
NEAR NORTH SIDE,WHI,50-59,M,7
NEAR NORTH SIDE,WHI,60-69,F,1
NEAR NORTH SIDE,WHI,70-79,M,2
NEAR NORTH SIDE,WHI,80+,F,1
NEAR NORTH SIDE,WWH,0-19,M,4
NEAR NORTH SIDE,WWH,20-29,F,6
NEAR NORTH SIDE,WWH,20-29,M,22
NEAR NORTH SIDE,WWH,30-39,M,20
NEAR NORTH SIDE,WWH,40-49,M,1
NEAR NORTH SIDE,WWH,50-59,M,1
NEAR NORTH SIDE,WWH,60-69,F,1
NEAR NORTH SIDE,WWH,UNKNOWN,M,1
NEAR SOUTH SIDE,API,30-39,M,1
NEAR SOUTH SIDE,BLK,0-19,F,1
NEAR SOUTH SIDE,BLK,0-19,M,12
NEAR SOUTH SIDE,BLK,20-29,F,3
NEAR SOUTH SIDE,BLK,20-29,M,27
NEAR SOUTH SIDE,BLK,30-39,F,4
NEAR SOUTH SIDE,BLK,30-39,M,26
NEAR SOUTH SIDE,BLK,40-49,M,8
NEAR SOUTH SIDE,BLK,50-59,M,1
NEAR SOUTH SIDE,BLK,UNKNOWN,M,1
NEAR SOUTH SIDE,UNKNOWN,0-19,M,1
NEAR SOUTH SIDE,UNKNOWN,20-29,M,1
NEAR SOUTH SIDE,UNKNOWN,UNKNOWN,UNKNOWN,2
NEAR SOUTH SIDE,WBH,20-29,F,1
NEAR SOUTH SIDE,WBH,40-49,M,1
NEAR SOUTH SIDE,WHI,20-29,F,1
NEAR SOUTH SIDE,WHI,20-29,M,1
NEAR SOUTH SIDE,WHI,30-39,M,1
NEAR SOUTH SIDE,WHI,40-49,M,3
NEAR SOUTH SIDE,WHI,50-59,M,1
NEAR SOUTH SIDE,WHI,60-69,M,1
NEAR SOUTH SIDE,WWH,0-19,F,1
NEAR SOUTH SIDE,WWH,0-19,M,5
NEAR SOUTH SIDE,WWH,20-29,F,1
NEAR SOUTH SIDE,WWH,20-29,M,6
NEAR SOUTH SIDE,WWH,30-39,F,1
NEAR SOUTH SIDE,WWH,30-39,M,2
NEAR SOUTH SIDE,WWH,40-49,F,1
NEAR SOUTH SIDE,WWH,40-49,M,1
NEAR SOUTH SIDE,WWH,50-59,M,2
NEAR WEST SIDE,API,0-19,F,1
NEAR WEST SIDE,API,30-39,F,1
NEAR WEST SIDE,API,50-59,M,2
NEAR WEST SIDE,API,60-69,M,2
NEAR WEST SIDE,BLK,0-19,F,15
NEAR WEST SIDE,BLK,0-19,M,161
NEAR WEST SIDE,BLK,20-29,F,50
NEAR WEST SIDE,BLK,20-29,M,334
NEAR WEST SIDE,BLK,30-39,F,12
NEAR WEST SIDE,BLK,30-39,M,145
NEAR WEST SIDE,BLK,40-49,F,9
NEAR WEST SIDE,BLK,40-49,M,57
NEAR WEST SIDE,BLK,50-59,F,1
NEAR WEST SIDE,BLK,50-59,M,24
NEAR WEST SIDE,BLK,60-69,M,6
NEAR WEST SIDE,BLK,70-79,M,3
NEAR WEST SIDE,UNKNOWN,0-19,M,2
NEAR WEST SIDE,UNKNOWN,20-29,UNKNOWN,3
NEAR WEST SIDE,UNKNOWN,30-39,M,1
NEAR WEST SIDE,UNKNOWN,40-49,UNKNOWN,1
NEAR WEST SIDE,UNKNOWN,60-69,M,1
NEAR WEST SIDE,UNKNOWN,UNKNOWN,M,1
NEAR WEST SIDE,UNKNOWN,UNKNOWN,UNKNOWN,12
NEAR WEST SIDE,WBH,0-19,M,1
NEAR WEST SIDE,WBH,20-29,F,1
NEAR WEST SIDE,WBH,20-29,M,1
NEAR WEST SIDE,WBH,30-39,M,2
NEAR WEST SIDE,WBH,40-49,M,3
NEAR WEST SIDE,WHI,0-19,M,1
NEAR WEST SIDE,WHI,20-29,F,3
NEAR WEST SIDE,WHI,20-29,M,7
NEAR WEST SIDE,WHI,30-39,F,1
NEAR WEST SIDE,WHI,30-39,M,8
NEAR WEST SIDE,WHI,40-49,F,1
NEAR WEST SIDE,WHI,40-49,M,4
NEAR WEST SIDE,WHI,60-69,M,1
NEAR WEST SIDE,WWH,0-19,F,2
NEAR WEST SIDE,WWH,0-19,M,12
NEAR WEST SIDE,WWH,20-29,F,4
NEAR WEST SIDE,WWH,20-29,M,36
NEAR WEST SIDE,WWH,30-39,F,2
NEAR WEST SIDE,WWH,30-39,M,14
NEAR WEST SIDE,WWH,40-49,M,6
NEAR WEST SIDE,WWH,50-59,M,3
NEAR WEST SIDE,WWH,60-69,F,1
NEAR WEST SIDE,WWH,60-69,M,1
NEW CITY,API,0-19,M,1
NEW CITY,API,20-29,F,1
NEW CITY,API,20-29,M,2
NEW CITY,API,30-39,M,2
NEW CITY,BLK,0-19,F,27
NEW CITY,BLK,0-19,M,149
NEW CITY,BLK,20-29,F,43
NEW CITY,BLK,20-29,M,297
NEW CITY,BLK,30-39,F,23
NEW CITY,BLK,30-39,M,147
NEW CITY,BLK,40-49,F,17
NEW CITY,BLK,40-49,M,50
NEW CITY,BLK,50-59,F,4
NEW CITY,BLK,50-59,M,22
NEW CITY,BLK,60-69,F,2
NEW CITY,BLK,60-69,M,7
NEW CITY,BLK,70-79,M,2
NEW CITY,BLK,UNKNOWN,M,3
NEW CITY,I,30-39,M,1
NEW CITY,UNKNOWN,0-19,M,2
NEW CITY,UNKNOWN,20-29,M,7
NEW CITY,UNKNOWN,20-29,UNKNOWN,1
NEW CITY,UNKNOWN,30-39,M,1
NEW CITY,UNKNOWN,30-39,UNKNOWN,1
NEW CITY,UNKNOWN,UNKNOWN,UNKNOWN,12
NEW CITY,WBH,0-19,M,1
NEW CITY,WBH,20-29,F,2
NEW CITY,WBH,20-29,M,7
NEW CITY,WBH,30-39,F,1
NEW CITY,WBH,30-39,M,3
NEW CITY,WBH,40-49,M,1
NEW CITY,WHI,0-19,F,3
NEW CITY,WHI,0-19,M,18
NEW CITY,WHI,20-29,F,3
NEW CITY,WHI,20-29,M,24
NEW CITY,WHI,30-39,F,1
NEW CITY,WHI,30-39,M,7
NEW CITY,WHI,40-49,F,2
NEW CITY,WHI,40-49,M,4
NEW CITY,WHI,50-59,F,1
NEW CITY,WHI,50-59,M,3
NEW CITY,WHI,60-69,M,3
NEW CITY,WHI,80+,M,1
NEW CITY,WHI,UNKNOWN,M,2
NEW CITY,WWH,0-19,F,17
NEW CITY,WWH,0-19,M,157
NEW CITY,WWH,20-29,F,28
NEW CITY,WWH,20-29,M,215
NEW CITY,WWH,20-29,UNKNOWN,1
NEW CITY,WWH,30-39,F,10
NEW CITY,WWH,30-39,M,104
NEW CITY,WWH,40-49,F,3
NEW CITY,WWH,40-49,M,37
NEW CITY,WWH,50-59,F,4
NEW CITY,WWH,50-59,M,13
NEW CITY,WWH,60-69,F,1
NEW CITY,WWH,60-69,M,4
NEW CITY,WWH,UNKNOWN,M,1
NORTH CENTER,API,0-19,M,1
NORTH CENTER,API,30-39,M,2
NORTH CENTER,BLK,20-29,F,1
NORTH CENTER,BLK,20-29,M,4
NORTH CENTER,BLK,30-39,M,1
NORTH CENTER,BLK,40-49,M,1
NORTH CENTER,UNKNOWN,UNKNOWN,UNKNOWN,2
NORTH CENTER,WBH,20-29,M,1
NORTH CENTER,WHI,20-29,M,2
NORTH CENTER,WHI,30-39,M,3
NORTH CENTER,WHI,50-59,M,1
NORTH CENTER,WWH,0-19,M,3
NORTH CENTER,WWH,20-29,F,1
NORTH CENTER,WWH,20-29,M,7
NORTH CENTER,WWH,30-39,M,1
NORTH LAWNDALE,API,20-29,M,2
NORTH LAWNDALE,API,30-39,M,1
NORTH LAWNDALE,API,40-49,F,1
NORTH LAWNDALE,API,50-59,M,1
NORTH LAWNDALE,BLK,0-19,F,60
NORTH LAWNDALE,BLK,0-19,M,507
NORTH LAWNDALE,BLK,20-29,F,105
NORTH LAWNDALE,BLK,20-29,M,807
NORTH LAWNDALE,BLK,30-39,F,73
NORTH LAWNDALE,BLK,30-39,M,396
NORTH LAWNDALE,BLK,40-49,F,20
NORTH LAWNDALE,BLK,40-49,M,109
NORTH LAWNDALE,BLK,50-59,F,10
NORTH LAWNDALE,BLK,50-59,M,46
NORTH LAWNDALE,BLK,60-69,F,3
NORTH LAWNDALE,BLK,60-69,M,16
NORTH LAWNDALE,BLK,70-79,M,7
NORTH LAWNDALE,BLK,80+,F,1
NORTH LAWNDALE,BLK,80+,M,2
NORTH LAWNDALE,BLK,UNKNOWN,F,1
NORTH LAWNDALE,BLK,UNKNOWN,M,2
NORTH LAWNDALE,UNKNOWN,0-19,F,2
NORTH LAWNDALE,UNKNOWN,0-19,M,5
NORTH LAWNDALE,UNKNOWN,20-29,F,1
NORTH LAWNDALE,UNKNOWN,20-29,M,8
NORTH LAWNDALE,UNKNOWN,20-29,UNKNOWN,1
NORTH LAWNDALE,UNKNOWN,30-39,M,5
NORTH LAWNDALE,UNKNOWN,40-49,UNKNOWN,1
NORTH LAWNDALE,UNKNOWN,50-59,M,3
NORTH LAWNDALE,UNKNOWN,60-69,F,1
NORTH LAWNDALE,UNKNOWN,UNKNOWN,UNKNOWN,27
NORTH LAWNDALE,WBH,20-29,F,1
NORTH LAWNDALE,WBH,20-29,M,6
NORTH LAWNDALE,WBH,30-39,F,1
NORTH LAWNDALE,WBH,30-39,M,3
NORTH LAWNDALE,WHI,0-19,F,1
NORTH LAWNDALE,WHI,0-19,M,1
NORTH LAWNDALE,WHI,20-29,F,1
NORTH LAWNDALE,WHI,20-29,M,4
NORTH LAWNDALE,WHI,30-39,F,3
NORTH LAWNDALE,WHI,30-39,M,6
NORTH LAWNDALE,WHI,40-49,F,1
NORTH LAWNDALE,WHI,40-49,M,4
NORTH LAWNDALE,WHI,60-69,M,1
NORTH LAWNDALE,WHI,UNKNOWN,M,1
NORTH LAWNDALE,WWH,0-19,F,3
NORTH LAWNDALE,WWH,0-19,M,7
NORTH LAWNDALE,WWH,20-29,F,2
NORTH LAWNDALE,WWH,20-29,M,28
NORTH LAWNDALE,WWH,30-39,F,1
NORTH LAWNDALE,WWH,30-39,M,12
NORTH LAWNDALE,WWH,40-49,F,1
NORTH LAWNDALE,WWH,40-49,M,11
NORTH LAWNDALE,WWH,50-59,F,1
NORTH LAWNDALE,WWH,60-69,M,2
NORTH PARK,API,0-19,M,1
NORTH PARK,API,40-49,M,1
NORTH PARK,BLK,0-19,F,1
NORTH PARK,BLK,0-19,M,1
NORTH PARK,BLK,20-29,M,4
NORTH PARK,BLK,30-39,M,3
NORTH PARK,BLK,40-49,M,2
NORTH PARK,WBH,20-29,M,1
NORTH PARK,WHI,20-29,M,4
NORTH PARK,WHI,30-39,F,2
NORTH PARK,WHI,30-39,M,1
NORTH PARK,WWH,0-19,F,1
NORTH PARK,WWH,0-19,M,6
NORTH PARK,WWH,20-29,M,7
NORTH PARK,WWH,30-39,F,1
NORTH PARK,WWH,30-39,M,4
NORTH PARK,WWH,40-49,M,3
NORTH PARK,WWH,50-59,M,1
NORWOOD PARK,API,20-29,M,1
NORWOOD PARK,API,30-39,M,1
NORWOOD PARK,WBH,20-29,M,1
NORWOOD PARK,WHI,0-19,M,1
NORWOOD PARK,WHI,20-29,M,1
NORWOOD PARK,WHI,30-39,M,1
NORWOOD PARK,WHI,40-49,M,3
NORWOOD PARK,WHI,70-79,M,1
NORWOOD PARK,WWH,0-19,M,1
NORWOOD PARK,WWH,20-29,F,1
NORWOOD PARK,WWH,30-39,F,1
NORWOOD PARK,WWH,40-49,M,2
OAKLAND,BLK,0-19,F,6
OAKLAND,BLK,0-19,M,24
OAKLAND,BLK,20-29,F,7
OAKLAND,BLK,20-29,M,39
OAKLAND,BLK,30-39,F,4
OAKLAND,BLK,30-39,M,18
OAKLAND,BLK,40-49,F,4
OAKLAND,BLK,40-49,M,6
OAKLAND,BLK,50-59,M,2
OAKLAND,BLK,60-69,F,1
OAKLAND,BLK,60-69,M,1
OAKLAND,UNKNOWN,40-49,M,1
OAKLAND,UNKNOWN,UNKNOWN,M,1
OAKLAND,UNKNOWN,UNKNOWN,UNKNOWN,1
OAKLAND,WWH,0-19,M,1
OHARE,BLK,20-29,M,1
OHARE,WHI,20-29,M,1
OHARE,WHI,30-39,M,1
OHARE,WHI,40-49,M,1
OHARE,WHI,50-59,F,1
PORTAGE PARK,API,20-29,M,1
PORTAGE PARK,API,30-39,F,1
PORTAGE PARK,BLK,0-19,F,1
PORTAGE PARK,BLK,0-19,M,3
PORTAGE PARK,BLK,20-29,M,9
PORTAGE PARK,BLK,30-39,M,2
PORTAGE PARK,BLK,60-69,F,1
PORTAGE PARK,UNKNOWN,20-29,M,1
PORTAGE PARK,UNKNOWN,30-39,M,1
PORTAGE PARK,UNKNOWN,UNKNOWN,UNKNOWN,4
PORTAGE PARK,WBH,20-29,M,3
PORTAGE PARK,WBH,30-39,M,1
PORTAGE PARK,WHI,0-19,F,1
PORTAGE PARK,WHI,0-19,M,3
PORTAGE PARK,WHI,20-29,M,9
PORTAGE PARK,WHI,30-39,M,10
PORTAGE PARK,WHI,40-49,M,3
PORTAGE PARK,WHI,50-59,M,2
PORTAGE PARK,WHI,60-69,F,1
PORTAGE PARK,WHI,60-69,M,1
PORTAGE PARK,WHI,70-79,M,1
PORTAGE PARK,WHI,UNKNOWN,M,1
PORTAGE PARK,WWH,0-19,F,3
PORTAGE PARK,WWH,0-19,M,21
PORTAGE PARK,WWH,20-29,F,6
PORTAGE PARK,WWH,20-29,M,60
PORTAGE PARK,WWH,30-39,F,3
PORTAGE PARK,WWH,30-39,M,20
PORTAGE PARK,WWH,40-49,M,9
PORTAGE PARK,WWH,50-59,M,1
PORTAGE PARK,WWH,60-69,M,1
PULLMAN,API,50-59,F,1
PULLMAN,BLK,0-19,F,2
PULLMAN,BLK,0-19,M,18
PULLMAN,BLK,20-29,F,8
PULLMAN,BLK,20-29,M,59
PULLMAN,BLK,30-39,F,3
PULLMAN,BLK,30-39,M,33
PULLMAN,BLK,40-49,F,2
PULLMAN,BLK,40-49,M,18
PULLMAN,BLK,50-59,M,3
PULLMAN,BLK,60-69,M,3
PULLMAN,BLK,80+,M,1
PULLMAN,UNKNOWN,0-19,UNKNOWN,1
PULLMAN,UNKNOWN,20-29,M,1
PULLMAN,UNKNOWN,UNKNOWN,UNKNOWN,3
PULLMAN,WBH,0-19,M,1
PULLMAN,WHI,0-19,M,1
PULLMAN,WWH,30-39,M,1
PULLMAN,WWH,40-49,M,1
PULLMAN,WWH,50-59,M,1
RIVERDALE,BLK,0-19,F,5
RIVERDALE,BLK,0-19,M,88
RIVERDALE,BLK,20-29,F,15
RIVERDALE,BLK,20-29,M,113
RIVERDALE,BLK,30-39,F,12
RIVERDALE,BLK,30-39,M,64
RIVERDALE,BLK,40-49,F,2
RIVERDALE,BLK,40-49,M,38
RIVERDALE,BLK,50-59,F,5
RIVERDALE,BLK,50-59,M,4
RIVERDALE,BLK,60-69,F,4
RIVERDALE,BLK,60-69,M,1
RIVERDALE,BLK,70-79,M,1
RIVERDALE,BLK,UNKNOWN,F,1
RIVERDALE,UNKNOWN,0-19,M,3
RIVERDALE,UNKNOWN,20-29,M,2
RIVERDALE,UNKNOWN,30-39,M,1
RIVERDALE,UNKNOWN,UNKNOWN,UNKNOWN,6
RIVERDALE,WBH,20-29,M,1
RIVERDALE,WHI,20-29,M,2
RIVERDALE,WHI,30-39,F,1
RIVERDALE,WHI,30-39,M,1
RIVERDALE,WHI,40-49,M,1
RIVERDALE,WHI,UNKNOWN,M,1
RIVERDALE,WWH,20-29,M,1
RIVERDALE,WWH,30-39,M,1
ROGERS PARK,API,0-19,M,1
ROGERS PARK,API,20-29,M,1
ROGERS PARK,API,70-79,M,1
ROGERS PARK,BLK,0-19,F,5
ROGERS PARK,BLK,0-19,M,64
ROGERS PARK,BLK,20-29,F,12
ROGERS PARK,BLK,20-29,M,109
ROGERS PARK,BLK,30-39,F,8
ROGERS PARK,BLK,30-39,M,63
ROGERS PARK,BLK,30-39,UNKNOWN,1
ROGERS PARK,BLK,40-49,F,1
ROGERS PARK,BLK,40-49,M,19
ROGERS PARK,BLK,50-59,F,1
ROGERS PARK,BLK,50-59,M,4
ROGERS PARK,BLK,60-69,F,2
ROGERS PARK,BLK,60-69,M,2
ROGERS PARK,BLK,70-79,M,1
ROGERS PARK,BLK,UNKNOWN,M,1
ROGERS PARK,UNKNOWN,0-19,M,1
ROGERS PARK,UNKNOWN,40-49,M,1
ROGERS PARK,UNKNOWN,UNKNOWN,UNKNOWN,6
ROGERS PARK,WBH,20-29,F,1
ROGERS PARK,WBH,20-29,M,2
ROGERS PARK,WHI,0-19,F,1
ROGERS PARK,WHI,0-19,M,3
ROGERS PARK,WHI,20-29,F,1
ROGERS PARK,WHI,20-29,M,6
ROGERS PARK,WHI,30-39,F,2
ROGERS PARK,WHI,30-39,M,2
ROGERS PARK,WHI,40-49,M,4
ROGERS PARK,WHI,50-59,F,1
ROGERS PARK,WHI,50-59,M,1
ROGERS PARK,WHI,60-69,F,1
ROGERS PARK,WWH,0-19,F,2
ROGERS PARK,WWH,0-19,M,18
ROGERS PARK,WWH,20-29,F,3
ROGERS PARK,WWH,20-29,M,20
ROGERS PARK,WWH,30-39,M,10
ROGERS PARK,WWH,40-49,F,1
ROGERS PARK,WWH,40-49,M,3
ROGERS PARK,WWH,50-59,F,2
ROGERS PARK,WWH,50-59,M,2
ROGERS PARK,WWH,60-69,M,1
ROSELAND,API,0-19,M,1
ROSELAND,API,20-29,M,3
ROSELAND,API,30-39,M,2
ROSELAND,API,40-49,M,1
ROSELAND,API,50-59,M,2
ROSELAND,BLK,0-19,F,45
ROSELAND,BLK,0-19,M,336
ROSELAND,BLK,0-19,UNKNOWN,2
ROSELAND,BLK,20-29,F,89
ROSELAND,BLK,20-29,M,633
ROSELAND,BLK,30-39,F,44
ROSELAND,BLK,30-39,M,259
ROSELAND,BLK,30-39,UNKNOWN,2
ROSELAND,BLK,40-49,F,24
ROSELAND,BLK,40-49,M,108
ROSELAND,BLK,50-59,F,13
ROSELAND,BLK,50-59,M,55
ROSELAND,BLK,60-69,F,8
ROSELAND,BLK,60-69,M,15
ROSELAND,BLK,70-79,F,2
ROSELAND,BLK,70-79,M,4
ROSELAND,BLK,80+,F,1
ROSELAND,BLK,UNKNOWN,M,6
ROSELAND,UNKNOWN,0-19,M,4
ROSELAND,UNKNOWN,0-19,UNKNOWN,1
ROSELAND,UNKNOWN,20-29,F,1
ROSELAND,UNKNOWN,20-29,M,3
ROSELAND,UNKNOWN,20-29,UNKNOWN,1
ROSELAND,UNKNOWN,30-39,F,1
ROSELAND,UNKNOWN,30-39,M,1
ROSELAND,UNKNOWN,40-49,F,1
ROSELAND,UNKNOWN,40-49,M,1
ROSELAND,UNKNOWN,50-59,M,1
ROSELAND,UNKNOWN,UNKNOWN,UNKNOWN,52
ROSELAND,WBH,0-19,F,1
ROSELAND,WBH,0-19,M,1
ROSELAND,WBH,20-29,M,1
ROSELAND,WBH,30-39,M,1
ROSELAND,WHI,0-19,F,2
ROSELAND,WHI,20-29,M,1
ROSELAND,WHI,30-39,F,1
ROSELAND,WHI,30-39,M,1
ROSELAND,WHI,40-49,F,1
ROSELAND,WHI,40-49,M,1
ROSELAND,WHI,50-59,M,2
ROSELAND,WWH,0-19,F,2
ROSELAND,WWH,0-19,M,1
ROSELAND,WWH,20-29,F,3
ROSELAND,WWH,20-29,M,1
ROSELAND,WWH,30-39,M,2
ROSELAND,WWH,40-49,F,1
ROSELAND,WWH,40-49,M,1
ROSELAND,WWH,50-59,M,1
SOUTH CHICAGO,API,20-29,M,1
SOUTH CHICAGO,API,30-39,M,1
SOUTH CHICAGO,BLK,0-19,F,40
SOUTH CHICAGO,BLK,0-19,M,229
SOUTH CHICAGO,BLK,20-29,F,54
SOUTH CHICAGO,BLK,20-29,M,323
SOUTH CHICAGO,BLK,30-39,F,17
SOUTH CHICAGO,BLK,30-39,M,161
SOUTH CHICAGO,BLK,40-49,F,12
SOUTH CHICAGO,BLK,40-49,M,70
SOUTH CHICAGO,BLK,50-59,F,10
SOUTH CHICAGO,BLK,50-59,M,27
SOUTH CHICAGO,BLK,60-69,F,1
SOUTH CHICAGO,BLK,60-69,M,11
SOUTH CHICAGO,BLK,70-79,F,1
SOUTH CHICAGO,BLK,80+,M,1
SOUTH CHICAGO,BLK,UNKNOWN,M,1
SOUTH CHICAGO,I,20-29,M,1
SOUTH CHICAGO,UNKNOWN,0-19,M,1
SOUTH CHICAGO,UNKNOWN,20-29,M,2
SOUTH CHICAGO,UNKNOWN,20-29,UNKNOWN,1
SOUTH CHICAGO,UNKNOWN,30-39,F,1
SOUTH CHICAGO,UNKNOWN,30-39,M,1
SOUTH CHICAGO,UNKNOWN,UNKNOWN,UNKNOWN,7
SOUTH CHICAGO,WBH,20-29,M,1
SOUTH CHICAGO,WBH,30-39,M,2
SOUTH CHICAGO,WHI,0-19,M,2
SOUTH CHICAGO,WHI,20-29,F,1
SOUTH CHICAGO,WHI,30-39,M,1
SOUTH CHICAGO,WHI,40-49,M,3
SOUTH CHICAGO,WWH,0-19,F,5
SOUTH CHICAGO,WWH,0-19,M,18
SOUTH CHICAGO,WWH,20-29,F,4
SOUTH CHICAGO,WWH,20-29,M,38
SOUTH CHICAGO,WWH,30-39,F,2
SOUTH CHICAGO,WWH,30-39,M,16
SOUTH CHICAGO,WWH,40-49,F,1
SOUTH CHICAGO,WWH,40-49,M,7
SOUTH CHICAGO,WWH,50-59,M,4
SOUTH CHICAGO,WWH,60-69,M,1
SOUTH DEERING,API,20-29,M,1
SOUTH DEERING,BLK,0-19,F,9
SOUTH DEERING,BLK,0-19,M,80
SOUTH DEERING,BLK,20-29,F,6
SOUTH DEERING,BLK,20-29,M,130
SOUTH DEERING,BLK,30-39,F,12
SOUTH DEERING,BLK,30-39,M,56
SOUTH DEERING,BLK,40-49,F,4
SOUTH DEERING,BLK,40-49,M,16
SOUTH DEERING,BLK,50-59,F,5
SOUTH DEERING,BLK,50-59,M,9
SOUTH DEERING,BLK,60-69,M,2
SOUTH DEERING,BLK,70-79,M,1
SOUTH DEERING,UNKNOWN,UNKNOWN,UNKNOWN,5
SOUTH DEERING,WBH,0-19,M,1
SOUTH DEERING,WBH,20-29,M,1
SOUTH DEERING,WBH,30-39,M,1
SOUTH DEERING,WHI,0-19,M,1
SOUTH DEERING,WHI,20-29,M,2
SOUTH DEERING,WHI,40-49,M,1
SOUTH DEERING,WWH,0-19,F,1
SOUTH DEERING,WWH,0-19,M,7
SOUTH DEERING,WWH,20-29,M,20
SOUTH DEERING,WWH,30-39,F,2
SOUTH DEERING,WWH,30-39,M,10
SOUTH DEERING,WWH,40-49,F,1
SOUTH DEERING,WWH,40-49,M,3
SOUTH DEERING,WWH,50-59,M,3
SOUTH LAWNDALE,API,20-29,M,2
SOUTH LAWNDALE,BLK,0-19,F,4
SOUTH LAWNDALE,BLK,0-19,M,23
SOUTH LAWNDALE,BLK,20-29,F,9
SOUTH LAWNDALE,BLK,20-29,M,44
SOUTH LAWNDALE,BLK,30-39,F,1
SOUTH LAWNDALE,BLK,30-39,M,19
SOUTH LAWNDALE,BLK,40-49,M,7
SOUTH LAWNDALE,BLK,50-59,M,2
SOUTH LAWNDALE,BLK,60-69,F,1
SOUTH LAWNDALE,BLK,60-69,M,2
SOUTH LAWNDALE,UNKNOWN,0-19,F,1
SOUTH LAWNDALE,UNKNOWN,0-19,M,3
SOUTH LAWNDALE,UNKNOWN,20-29,F,1
SOUTH LAWNDALE,UNKNOWN,20-29,M,3
SOUTH LAWNDALE,UNKNOWN,30-39,F,2
SOUTH LAWNDALE,UNKNOWN,30-39,M,2
SOUTH LAWNDALE,UNKNOWN,40-49,F,1
SOUTH LAWNDALE,UNKNOWN,UNKNOWN,F,1
SOUTH LAWNDALE,UNKNOWN,UNKNOWN,UNKNOWN,17
SOUTH LAWNDALE,WBH,0-19,M,4
SOUTH LAWNDALE,WBH,20-29,F,1
SOUTH LAWNDALE,WBH,20-29,M,6
SOUTH LAWNDALE,WBH,30-39,F,1
SOUTH LAWNDALE,WBH,30-39,M,5
SOUTH LAWNDALE,WBH,40-49,F,1
SOUTH LAWNDALE,WBH,40-49,M,1
SOUTH LAWNDALE,WBH,50-59,M,1
SOUTH LAWNDALE,WHI,0-19,F,3
SOUTH LAWNDALE,WHI,0-19,M,3
SOUTH LAWNDALE,WHI,20-29,F,3
SOUTH LAWNDALE,WHI,20-29,M,17
SOUTH LAWNDALE,WHI,30-39,F,4
SOUTH LAWNDALE,WHI,30-39,M,6
SOUTH LAWNDALE,WHI,40-49,M,1
SOUTH LAWNDALE,WHI,50-59,M,1
SOUTH LAWNDALE,WWH,0-19,F,28
SOUTH LAWNDALE,WWH,0-19,M,249
SOUTH LAWNDALE,WWH,20-29,F,40
SOUTH LAWNDALE,WWH,20-29,M,375
SOUTH LAWNDALE,WWH,30-39,F,19
SOUTH LAWNDALE,WWH,30-39,M,177
SOUTH LAWNDALE,WWH,40-49,F,10
SOUTH LAWNDALE,WWH,40-49,M,62
SOUTH LAWNDALE,WWH,50-59,F,4
SOUTH LAWNDALE,WWH,50-59,M,23
SOUTH LAWNDALE,WWH,60-69,M,7
SOUTH LAWNDALE,WWH,70-79,M,1
SOUTH LAWNDALE,WWH,UNKNOWN,M,1
SOUTH SHORE,API,20-29,F,1
SOUTH SHORE,API,20-29,M,2
SOUTH SHORE,API,40-49,M,1
SOUTH SHORE,BLK,0-19,F,46
SOUTH SHORE,BLK,0-19,M,378
SOUTH SHORE,BLK,20-29,F,105
SOUTH SHORE,BLK,20-29,M,651
SOUTH SHORE,BLK,30-39,F,35
SOUTH SHORE,BLK,30-39,M,302
SOUTH SHORE,BLK,40-49,F,22
SOUTH SHORE,BLK,40-49,M,110
SOUTH SHORE,BLK,40-49,UNKNOWN,1
SOUTH SHORE,BLK,50-59,F,12
SOUTH SHORE,BLK,50-59,M,59
SOUTH SHORE,BLK,60-69,F,6
SOUTH SHORE,BLK,60-69,M,21
SOUTH SHORE,BLK,70-79,F,1
SOUTH SHORE,BLK,70-79,M,7
SOUTH SHORE,BLK,80+,F,1
SOUTH SHORE,BLK,80+,M,2
SOUTH SHORE,BLK,UNKNOWN,M,3
SOUTH SHORE,I,0-19,M,1
SOUTH SHORE,I,50-59,F,1
SOUTH SHORE,UNKNOWN,0-19,F,1
SOUTH SHORE,UNKNOWN,0-19,M,8
SOUTH SHORE,UNKNOWN,20-29,F,2
SOUTH SHORE,UNKNOWN,20-29,M,3
SOUTH SHORE,UNKNOWN,30-39,M,4
SOUTH SHORE,UNKNOWN,40-49,M,1
SOUTH SHORE,UNKNOWN,50-59,M,1
SOUTH SHORE,UNKNOWN,UNKNOWN,UNKNOWN,22
SOUTH SHORE,WBH,0-19,M,1
SOUTH SHORE,WBH,20-29,M,2
SOUTH SHORE,WBH,30-39,M,1
SOUTH SHORE,WBH,40-49,M,1
SOUTH SHORE,WHI,20-29,F,1
SOUTH SHORE,WHI,20-29,M,1
SOUTH SHORE,WHI,30-39,M,3
SOUTH SHORE,WHI,60-69,M,2
SOUTH SHORE,WWH,0-19,F,1
SOUTH SHORE,WWH,0-19,M,3
SOUTH SHORE,WWH,20-29,F,1
SOUTH SHORE,WWH,20-29,M,5
SOUTH SHORE,WWH,30-39,M,4
SOUTH SHORE,WWH,40-49,F,1
SOUTH SHORE,WWH,40-49,M,2
SOUTH SHORE,WWH,50-59,M,1
SOUTH SHORE,WWH,60-69,M,3
UPTOWN,API,0-19,M,1
UPTOWN,API,20-29,M,1
UPTOWN,API,50-59,M,1
UPTOWN,BLK,0-19,F,7
UPTOWN,BLK,0-19,M,59
UPTOWN,BLK,20-29,F,14
UPTOWN,BLK,20-29,M,131
UPTOWN,BLK,30-39,F,3
UPTOWN,BLK,30-39,M,45
UPTOWN,BLK,30-39,UNKNOWN,1
UPTOWN,BLK,40-49,F,5
UPTOWN,BLK,40-49,M,16
UPTOWN,BLK,50-59,F,1
UPTOWN,BLK,50-59,M,7
UPTOWN,BLK,60-69,F,3
UPTOWN,BLK,70-79,M,1
UPTOWN,I,20-29,F,1
UPTOWN,UNKNOWN,0-19,F,1
UPTOWN,UNKNOWN,0-19,M,1
UPTOWN,UNKNOWN,20-29,M,2
UPTOWN,UNKNOWN,UNKNOWN,UNKNOWN,9
UPTOWN,WBH,0-19,F,1
UPTOWN,WBH,0-19,M,1
UPTOWN,WBH,20-29,M,1
UPTOWN,WBH,30-39,M,2
UPTOWN,WHI,0-19,F,1
UPTOWN,WHI,0-19,M,1
UPTOWN,WHI,20-29,F,3
UPTOWN,WHI,20-29,M,4
UPTOWN,WHI,30-39,M,3
UPTOWN,WHI,40-49,M,3
UPTOWN,WHI,50-59,F,1
UPTOWN,WHI,50-59,M,4
UPTOWN,WHI,60-69,M,3
UPTOWN,WWH,0-19,F,2
UPTOWN,WWH,0-19,M,10
UPTOWN,WWH,20-29,F,2
UPTOWN,WWH,20-29,M,7
UPTOWN,WWH,30-39,F,2
UPTOWN,WWH,30-39,M,2
UPTOWN,WWH,50-59,F,1
WASHINGTON HEIGHTS,BLK,0-19,F,21
WASHINGTON HEIGHTS,BLK,0-19,M,147
WASHINGTON HEIGHTS,BLK,20-29,F,36
WASHINGTON HEIGHTS,BLK,20-29,M,276
WASHINGTON HEIGHTS,BLK,20-29,UNKNOWN,1
WASHINGTON HEIGHTS,BLK,30-39,F,20
WASHINGTON HEIGHTS,BLK,30-39,M,100
WASHINGTON HEIGHTS,BLK,40-49,F,13
WASHINGTON HEIGHTS,BLK,40-49,M,41
WASHINGTON HEIGHTS,BLK,50-59,F,6
WASHINGTON HEIGHTS,BLK,50-59,M,11
WASHINGTON HEIGHTS,BLK,60-69,M,8
WASHINGTON HEIGHTS,BLK,80+,F,1
WASHINGTON HEIGHTS,BLK,UNKNOWN,M,1
WASHINGTON HEIGHTS,UNKNOWN,0-19,M,2
WASHINGTON HEIGHTS,UNKNOWN,20-29,M,2
WASHINGTON HEIGHTS,UNKNOWN,20-29,UNKNOWN,1
WASHINGTON HEIGHTS,UNKNOWN,30-39,M,2
WASHINGTON HEIGHTS,UNKNOWN,30-39,UNKNOWN,1
WASHINGTON HEIGHTS,UNKNOWN,UNKNOWN,UNKNOWN,8
WASHINGTON HEIGHTS,WBH,0-19,M,1
WASHINGTON HEIGHTS,WHI,20-29,M,2
WASHINGTON HEIGHTS,WHI,30-39,M,2
WASHINGTON HEIGHTS,WHI,50-59,M,1
WASHINGTON HEIGHTS,WHI,60-69,M,1
WASHINGTON HEIGHTS,WWH,20-29,F,1
WASHINGTON HEIGHTS,WWH,20-29,M,5
WASHINGTON HEIGHTS,WWH,30-39,M,1
WASHINGTON HEIGHTS,WWH,40-49,M,2
WASHINGTON PARK,BLK,0-19,F,24
WASHINGTON PARK,BLK,0-19,M,154
WASHINGTON PARK,BLK,0-19,UNKNOWN,2
WASHINGTON PARK,BLK,20-29,F,31
WASHINGTON PARK,BLK,20-29,M,279
WASHINGTON PARK,BLK,30-39,F,28
WASHINGTON PARK,BLK,30-39,M,133
WASHINGTON PARK,BLK,40-49,F,16
WASHINGTON PARK,BLK,40-49,M,54
WASHINGTON PARK,BLK,40-49,UNKNOWN,1
WASHINGTON PARK,BLK,50-59,F,3
WASHINGTON PARK,BLK,50-59,M,16
WASHINGTON PARK,BLK,60-69,F,1
WASHINGTON PARK,BLK,60-69,M,8
WASHINGTON PARK,BLK,70-79,F,2
WASHINGTON PARK,BLK,80+,F,1
WASHINGTON PARK,BLK,UNKNOWN,M,2
WASHINGTON PARK,UNKNOWN,0-19,UNKNOWN,1
WASHINGTON PARK,UNKNOWN,20-29,M,3
WASHINGTON PARK,UNKNOWN,40-49,UNKNOWN,1
WASHINGTON PARK,UNKNOWN,UNKNOWN,UNKNOWN,8
WASHINGTON PARK,WBH,20-29,F,1
WASHINGTON PARK,WBH,30-39,M,1
WASHINGTON PARK,WHI,20-29,M,1
WASHINGTON PARK,WHI,30-39,M,2
WASHINGTON PARK,WHI,60-69,M,1
WASHINGTON PARK,WWH,0-19,M,1
WEST ELSDON,BLK,20-29,M,1
WEST ELSDON,BLK,30-39,M,1
WEST ELSDON,BLK,50-59,M,1
WEST ELSDON,UNKNOWN,0-19,M,1
WEST ELSDON,UNKNOWN,20-29,M,1
WEST ELSDON,WHI,20-29,M,1
WEST ELSDON,WWH,0-19,F,4
WEST ELSDON,WWH,0-19,M,15
WEST ELSDON,WWH,20-29,F,3
WEST ELSDON,WWH,20-29,M,30
WEST ELSDON,WWH,30-39,M,15
WEST ELSDON,WWH,40-49,F,1
WEST ELSDON,WWH,40-49,M,3
WEST ELSDON,WWH,50-59,F,1
WEST ELSDON,WWH,50-59,M,4
WEST ENGLEWOOD,BLK,0-19,F,63
WEST ENGLEWOOD,BLK,0-19,M,454
WEST ENGLEWOOD,BLK,20-29,F,81
WEST ENGLEWOOD,BLK,20-29,M,770
WEST ENGLEWOOD,BLK,20-29,UNKNOWN,1
WEST ENGLEWOOD,BLK,30-39,F,54
WEST ENGLEWOOD,BLK,30-39,M,391
WEST ENGLEWOOD,BLK,30-39,UNKNOWN,1
WEST ENGLEWOOD,BLK,40-49,F,19
WEST ENGLEWOOD,BLK,40-49,M,138
WEST ENGLEWOOD,BLK,40-49,UNKNOWN,1
WEST ENGLEWOOD,BLK,50-59,F,10
WEST ENGLEWOOD,BLK,50-59,M,62
WEST ENGLEWOOD,BLK,60-69,F,3
WEST ENGLEWOOD,BLK,60-69,M,15
WEST ENGLEWOOD,BLK,70-79,F,2
WEST ENGLEWOOD,BLK,70-79,M,5
WEST ENGLEWOOD,BLK,80+,M,1
WEST ENGLEWOOD,BLK,UNKNOWN,M,1
WEST ENGLEWOOD,UNKNOWN,0-19,F,2
WEST ENGLEWOOD,UNKNOWN,0-19,M,3
WEST ENGLEWOOD,UNKNOWN,20-29,F,2
WEST ENGLEWOOD,UNKNOWN,20-29,M,1
WEST ENGLEWOOD,UNKNOWN,20-29,UNKNOWN,1
WEST ENGLEWOOD,UNKNOWN,30-39,F,1
WEST ENGLEWOOD,UNKNOWN,30-39,UNKNOWN,1
WEST ENGLEWOOD,UNKNOWN,40-49,M,1
WEST ENGLEWOOD,UNKNOWN,60-69,UNKNOWN,1
WEST ENGLEWOOD,UNKNOWN,UNKNOWN,UNKNOWN,12
WEST ENGLEWOOD,WBH,0-19,F,2
WEST ENGLEWOOD,WBH,0-19,M,3
WEST ENGLEWOOD,WBH,20-29,M,3
WEST ENGLEWOOD,WHI,0-19,M,1
WEST ENGLEWOOD,WHI,20-29,F,1
WEST ENGLEWOOD,WHI,20-29,M,1
WEST ENGLEWOOD,WHI,30-39,F,1
WEST ENGLEWOOD,WHI,40-49,M,2
WEST ENGLEWOOD,WHI,50-59,M,2
WEST ENGLEWOOD,WHI,UNKNOWN,M,1
WEST ENGLEWOOD,WWH,0-19,F,3
WEST ENGLEWOOD,WWH,0-19,M,13
WEST ENGLEWOOD,WWH,20-29,F,5
WEST ENGLEWOOD,WWH,20-29,M,14
WEST ENGLEWOOD,WWH,30-39,F,3
WEST ENGLEWOOD,WWH,30-39,M,10
WEST ENGLEWOOD,WWH,40-49,F,1
WEST ENGLEWOOD,WWH,40-49,M,4
WEST ENGLEWOOD,WWH,50-59,M,3
WEST ENGLEWOOD,WWH,60-69,M,1
WEST GARFIELD PARK,API,20-29,M,1
WEST GARFIELD PARK,BLK,0-19,F,45
WEST GARFIELD PARK,BLK,0-19,M,277
WEST GARFIELD PARK,BLK,20-29,F,100
WEST GARFIELD PARK,BLK,20-29,M,638
WEST GARFIELD PARK,BLK,20-29,UNKNOWN,1
WEST GARFIELD PARK,BLK,30-39,F,34
WEST GARFIELD PARK,BLK,30-39,M,339
WEST GARFIELD PARK,BLK,40-49,F,18
WEST GARFIELD PARK,BLK,40-49,M,111
WEST GARFIELD PARK,BLK,50-59,F,10
WEST GARFIELD PARK,BLK,50-59,M,78
WEST GARFIELD PARK,BLK,60-69,F,3
WEST GARFIELD PARK,BLK,60-69,M,15
WEST GARFIELD PARK,BLK,70-79,F,1
WEST GARFIELD PARK,BLK,70-79,M,2
WEST GARFIELD PARK,BLK,80+,F,2
WEST GARFIELD PARK,BLK,80+,M,1
WEST GARFIELD PARK,BLK,UNKNOWN,M,4
WEST GARFIELD PARK,I,20-29,F,1
WEST GARFIELD PARK,I,40-49,M,1
WEST GARFIELD PARK,UNKNOWN,0-19,M,1
WEST GARFIELD PARK,UNKNOWN,0-19,UNKNOWN,3
WEST GARFIELD PARK,UNKNOWN,20-29,F,3
WEST GARFIELD PARK,UNKNOWN,20-29,M,6
WEST GARFIELD PARK,UNKNOWN,20-29,UNKNOWN,1
WEST GARFIELD PARK,UNKNOWN,30-39,M,2
WEST GARFIELD PARK,UNKNOWN,40-49,M,2
WEST GARFIELD PARK,UNKNOWN,UNKNOWN,UNKNOWN,20
WEST GARFIELD PARK,WBH,0-19,F,1
WEST GARFIELD PARK,WBH,0-19,M,1
WEST GARFIELD PARK,WBH,20-29,M,1
WEST GARFIELD PARK,WBH,30-39,F,1
WEST GARFIELD PARK,WBH,30-39,M,1
WEST GARFIELD PARK,WHI,0-19,F,1
WEST GARFIELD PARK,WHI,0-19,M,1
WEST GARFIELD PARK,WHI,20-29,M,6
WEST GARFIELD PARK,WHI,30-39,F,1
WEST GARFIELD PARK,WHI,30-39,M,5
WEST GARFIELD PARK,WHI,40-49,F,1
WEST GARFIELD PARK,WHI,40-49,M,5
WEST GARFIELD PARK,WHI,60-69,M,1
WEST GARFIELD PARK,WHI,UNKNOWN,M,1
WEST GARFIELD PARK,WWH,0-19,M,6
WEST GARFIELD PARK,WWH,20-29,F,4
WEST GARFIELD PARK,WWH,20-29,M,15
WEST GARFIELD PARK,WWH,30-39,M,8
WEST GARFIELD PARK,WWH,40-49,M,5
WEST GARFIELD PARK,WWH,50-59,F,1
WEST GARFIELD PARK,WWH,60-69,M,2
WEST LAWN,BLK,0-19,M,5
WEST LAWN,BLK,20-29,M,8
WEST LAWN,BLK,30-39,M,1
WEST LAWN,BLK,40-49,F,1
WEST LAWN,BLK,40-49,M,1
WEST LAWN,BLK,70-79,M,1
WEST LAWN,UNKNOWN,0-19,M,3
WEST LAWN,UNKNOWN,50-59,M,1
WEST LAWN,WBH,20-29,M,1
WEST LAWN,WBH,UNKNOWN,M,1
WEST LAWN,WHI,20-29,F,1
WEST LAWN,WHI,20-29,M,5
WEST LAWN,WHI,30-39,M,3
WEST LAWN,WHI,60-69,M,1
WEST LAWN,WWH,0-19,F,1
WEST LAWN,WWH,0-19,M,26
WEST LAWN,WWH,20-29,F,4
WEST LAWN,WWH,20-29,M,41
WEST LAWN,WWH,30-39,F,1
WEST LAWN,WWH,30-39,M,15
WEST LAWN,WWH,40-49,M,6
WEST LAWN,WWH,50-59,F,1
WEST LAWN,WWH,70-79,M,1
WEST PULLMAN,API,0-19,F,1
WEST PULLMAN,BLK,0-19,F,38
WEST PULLMAN,BLK,0-19,M,238
WEST PULLMAN,BLK,20-29,F,55
WEST PULLMAN,BLK,20-29,M,434
WEST PULLMAN,BLK,30-39,F,38
WEST PULLMAN,BLK,30-39,M,210
WEST PULLMAN,BLK,40-49,F,13
WEST PULLMAN,BLK,40-49,M,61
WEST PULLMAN,BLK,50-59,F,12
WEST PULLMAN,BLK,50-59,M,45
WEST PULLMAN,BLK,60-69,F,2
WEST PULLMAN,BLK,60-69,M,10
WEST PULLMAN,BLK,80+,F,1
WEST PULLMAN,BLK,80+,M,2
WEST PULLMAN,BLK,UNKNOWN,F,1
WEST PULLMAN,BLK,UNKNOWN,M,2
WEST PULLMAN,I,20-29,M,1
WEST PULLMAN,UNKNOWN,0-19,M,3
WEST PULLMAN,UNKNOWN,20-29,F,2
WEST PULLMAN,UNKNOWN,20-29,M,3
WEST PULLMAN,UNKNOWN,30-39,M,1
WEST PULLMAN,UNKNOWN,UNKNOWN,UNKNOWN,30
WEST PULLMAN,WBH,20-29,M,2
WEST PULLMAN,WHI,20-29,M,1
WEST PULLMAN,WHI,30-39,M,1
WEST PULLMAN,WHI,40-49,M,2
WEST PULLMAN,WWH,0-19,F,1
WEST PULLMAN,WWH,0-19,M,7
WEST PULLMAN,WWH,20-29,M,8
WEST PULLMAN,WWH,30-39,F,1
WEST PULLMAN,WWH,30-39,M,8
WEST PULLMAN,WWH,40-49,F,1
WEST PULLMAN,WWH,40-49,M,1
WEST PULLMAN,WWH,60-69,M,1
WEST RIDGE,API,20-29,M,6
WEST RIDGE,API,30-39,M,2
WEST RIDGE,API,40-49,F,1
WEST RIDGE,BLK,0-19,F,1
WEST RIDGE,BLK,0-19,M,18
WEST RIDGE,BLK,20-29,F,5
WEST RIDGE,BLK,20-29,M,30
WEST RIDGE,BLK,30-39,M,12
WEST RIDGE,BLK,40-49,F,2
WEST RIDGE,BLK,40-49,M,3
WEST RIDGE,BLK,50-59,F,2
WEST RIDGE,BLK,50-59,M,2
WEST RIDGE,UNKNOWN,0-19,UNKNOWN,1
WEST RIDGE,UNKNOWN,20-29,M,1
WEST RIDGE,UNKNOWN,30-39,M,1
WEST RIDGE,UNKNOWN,UNKNOWN,UNKNOWN,3
WEST RIDGE,WBH,20-29,M,2
WEST RIDGE,WHI,0-19,F,3
WEST RIDGE,WHI,0-19,M,4
WEST RIDGE,WHI,20-29,F,1
WEST RIDGE,WHI,20-29,M,6
WEST RIDGE,WHI,30-39,F,3
WEST RIDGE,WHI,30-39,M,5
WEST RIDGE,WHI,40-49,F,2
WEST RIDGE,WHI,40-49,M,6
WEST RIDGE,WHI,50-59,F,1
WEST RIDGE,WHI,50-59,M,4
WEST RIDGE,WHI,60-69,F,1
WEST RIDGE,WHI,60-69,M,4
WEST RIDGE,WWH,0-19,F,2
WEST RIDGE,WWH,0-19,M,18
WEST RIDGE,WWH,20-29,F,4
WEST RIDGE,WWH,20-29,M,17
WEST RIDGE,WWH,30-39,F,1
WEST RIDGE,WWH,30-39,M,7
WEST RIDGE,WWH,40-49,M,4
WEST RIDGE,WWH,60-69,M,1
WEST TOWN,API,20-29,M,1
WEST TOWN,API,30-39,M,1
WEST TOWN,BLK,0-19,F,4
WEST TOWN,BLK,0-19,M,29
WEST TOWN,BLK,20-29,F,9
WEST TOWN,BLK,20-29,M,89
WEST TOWN,BLK,20-29,UNKNOWN,1
WEST TOWN,BLK,30-39,F,4
WEST TOWN,BLK,30-39,M,44
WEST TOWN,BLK,40-49,M,7
WEST TOWN,BLK,50-59,F,2
WEST TOWN,BLK,50-59,M,3
WEST TOWN,I,50-59,M,1
WEST TOWN,UNKNOWN,20-29,M,9
WEST TOWN,UNKNOWN,30-39,M,1
WEST TOWN,UNKNOWN,UNKNOWN,UNKNOWN,10
WEST TOWN,WBH,0-19,M,8
WEST TOWN,WBH,20-29,F,1
WEST TOWN,WBH,20-29,M,7
WEST TOWN,WBH,30-39,F,2
WEST TOWN,WBH,30-39,M,3
WEST TOWN,WBH,40-49,F,1
WEST TOWN,WBH,40-49,M,1
WEST TOWN,WBH,50-59,M,3
WEST TOWN,WHI,0-19,M,3
WEST TOWN,WHI,20-29,F,2
WEST TOWN,WHI,20-29,M,28
WEST TOWN,WHI,30-39,F,5
WEST TOWN,WHI,30-39,M,15
WEST TOWN,WHI,40-49,F,2
WEST TOWN,WHI,40-49,M,4
WEST TOWN,WHI,50-59,F,1
WEST TOWN,WHI,50-59,M,4
WEST TOWN,WHI,60-69,F,1
WEST TOWN,WHI,60-69,M,1
WEST TOWN,WHI,80+,M,1
WEST TOWN,WWH,0-19,F,7
WEST TOWN,WWH,0-19,M,57
WEST TOWN,WWH,20-29,F,17
WEST TOWN,WWH,20-29,M,151
WEST TOWN,WWH,20-29,UNKNOWN,1
WEST TOWN,WWH,30-39,F,6
WEST TOWN,WWH,30-39,M,62
WEST TOWN,WWH,40-49,F,1
WEST TOWN,WWH,40-49,M,26
WEST TOWN,WWH,50-59,M,6
WEST TOWN,WWH,60-69,M,1
WOODLAWN,API,40-49,M,1
WOODLAWN,BLK,0-19,F,22
WOODLAWN,BLK,0-19,M,240
WOODLAWN,BLK,20-29,F,57
WOODLAWN,BLK,20-29,M,340
WOODLAWN,BLK,20-29,UNKNOWN,1
WOODLAWN,BLK,30-39,F,28
WOODLAWN,BLK,30-39,M,164
WOODLAWN,BLK,40-49,F,9
WOODLAWN,BLK,40-49,M,67
WOODLAWN,BLK,50-59,F,8
WOODLAWN,BLK,50-59,M,25
WOODLAWN,BLK,60-69,F,4
WOODLAWN,BLK,60-69,M,9
WOODLAWN,BLK,70-79,F,1
WOODLAWN,BLK,70-79,M,2
WOODLAWN,BLK,UNKNOWN,F,1
WOODLAWN,BLK,UNKNOWN,M,2
WOODLAWN,UNKNOWN,0-19,M,2
WOODLAWN,UNKNOWN,20-29,F,2
WOODLAWN,UNKNOWN,20-29,M,5
WOODLAWN,UNKNOWN,30-39,M,2
WOODLAWN,UNKNOWN,UNKNOWN,UNKNOWN,13
WOODLAWN,WHI,20-29,F,1
WOODLAWN,WHI,20-29,M,3
WOODLAWN,WHI,40-49,F,1
WOODLAWN,WHI,40-49,M,1
WOODLAWN,WWH,20-29,F,1
WOODLAWN,WWH,20-29,M,3
WOODLAWN,WWH,60-69,M,1
OVERVIEW,API,0-19,F,3
OVERVIEW,BLK,0-19,F,999
OVERVIEW,UNKNOWN,0-19,F,19
OVERVIEW,WBH,0-19,F,10
OVERVIEW,WHI,0-19,F,30
OVERVIEW,WWH,0-19,F,232
OVERVIEW,API,0-19,M,10
OVERVIEW,BLK,0-19,M,7161
OVERVIEW,I,0-19,M,3
OVERVIEW,UNKNOWN,0-19,M,74
OVERVIEW,WBH,0-19,M,54
OVERVIEW,WHI,0-19,M,108
OVERVIEW,WWH,0-19,M,1716
OVERVIEW,BLK,0-19,UNKNOWN,6
OVERVIEW,UNKNOWN,0-19,UNKNOWN,19
OVERVIEW,API,20-29,F,7
OVERVIEW,BLK,20-29,F,1776
OVERVIEW,I,20-29,F,4
OVERVIEW,UNKNOWN,20-29,F,29
OVERVIEW,WBH,20-29,F,20
OVERVIEW,WHI,20-29,F,73
OVERVIEW,WWH,20-29,F,381
OVERVIEW,API,20-29,M,67
OVERVIEW,BLK,20-29,M,13644
OVERVIEW,I,20-29,M,2
OVERVIEW,UNKNOWN,20-29,M,131
OVERVIEW,WBH,20-29,M,128
OVERVIEW,WHI,20-29,M,340
OVERVIEW,WWH,20-29,M,2923
OVERVIEW,BLK,20-29,UNKNOWN,10
OVERVIEW,UNKNOWN,20-29,UNKNOWN,21
OVERVIEW,WWH,20-29,UNKNOWN,4
OVERVIEW,API,30-39,F,3
OVERVIEW,BLK,30-39,F,862
OVERVIEW,I,30-39,F,1
OVERVIEW,UNKNOWN,30-39,F,16
OVERVIEW,WBH,30-39,F,9
OVERVIEW,WHI,30-39,F,48
OVERVIEW,WWH,30-39,F,165
OVERVIEW,API,30-39,M,36
OVERVIEW,BLK,30-39,M,6563
OVERVIEW,I,30-39,M,1
OVERVIEW,UNKNOWN,30-39,M,63
OVERVIEW,WBH,30-39,M,64
OVERVIEW,WHI,30-39,M,239
OVERVIEW,WWH,30-39,M,1262
OVERVIEW,BLK,30-39,UNKNOWN,7
OVERVIEW,UNKNOWN,30-39,UNKNOWN,5
OVERVIEW,WWH,30-39,UNKNOWN,1
OVERVIEW,API,40-49,F,3
OVERVIEW,BLK,40-49,F,403
OVERVIEW,UNKNOWN,40-49,F,4
OVERVIEW,WBH,40-49,F,6
OVERVIEW,WHI,40-49,F,26
OVERVIEW,WWH,40-49,F,65
OVERVIEW,API,40-49,M,16
OVERVIEW,BLK,40-49,M,2335
OVERVIEW,I,40-49,M,2
OVERVIEW,UNKNOWN,40-49,M,20
OVERVIEW,WBH,40-49,M,15
OVERVIEW,WHI,40-49,M,122
OVERVIEW,WWH,40-49,M,463
OVERVIEW,BLK,40-49,UNKNOWN,5
OVERVIEW,UNKNOWN,40-49,UNKNOWN,6
OVERVIEW,API,50-59,F,2
OVERVIEW,BLK,50-59,F,230
OVERVIEW,I,50-59,F,1
OVERVIEW,WHI,50-59,F,16
OVERVIEW,WWH,50-59,F,27
OVERVIEW,API,50-59,M,19
OVERVIEW,BLK,50-59,M,1034
OVERVIEW,I,50-59,M,1
OVERVIEW,UNKNOWN,50-59,M,8
OVERVIEW,WBH,50-59,M,7
OVERVIEW,WHI,50-59,M,88
OVERVIEW,WWH,50-59,M,161
OVERVIEW,BLK,50-59,UNKNOWN,2
OVERVIEW,BLK,60-69,F,91
OVERVIEW,UNKNOWN,60-69,F,1
OVERVIEW,WHI,60-69,F,10
OVERVIEW,WWH,60-69,F,6
OVERVIEW,API,60-69,M,3
OVERVIEW,BLK,60-69,M,315
OVERVIEW,I,60-69,M,2
OVERVIEW,UNKNOWN,60-69,M,2
OVERVIEW,WBH,60-69,M,1
OVERVIEW,WHI,60-69,M,45
OVERVIEW,WWH,60-69,M,59
OVERVIEW,UNKNOWN,60-69,UNKNOWN,1
OVERVIEW,API,70-79,F,1
OVERVIEW,BLK,70-79,F,23
OVERVIEW,WBH,70-79,F,1
OVERVIEW,WHI,70-79,F,6
OVERVIEW,WWH,70-79,F,4
OVERVIEW,API,70-79,M,4
OVERVIEW,BLK,70-79,M,68
OVERVIEW,WHI,70-79,M,8
OVERVIEW,WWH,70-79,M,13
OVERVIEW,API,80+,F,1
OVERVIEW,BLK,80+,F,14
OVERVIEW,UNKNOWN,80+,F,1
OVERVIEW,WHI,80+,F,3
OVERVIEW,WWH,80+,F,1
OVERVIEW,BLK,80+,M,21
OVERVIEW,WHI,80+,M,5
OVERVIEW,WWH,80+,M,2
OVERVIEW,BLK,UNKNOWN,F,12
OVERVIEW,UNKNOWN,UNKNOWN,F,1
OVERVIEW,WWH,UNKNOWN,F,5
OVERVIEW,BLK,UNKNOWN,M,47
OVERVIEW,UNKNOWN,UNKNOWN,M,4
OVERVIEW,WBH,UNKNOWN,M,1
OVERVIEW,WHI,UNKNOWN,M,10
OVERVIEW,WWH,UNKNOWN,M,10
OVERVIEW,UNKNOWN,UNKNOWN,UNKNOWN,593
