COMMUNITY_AREA,RACE,AGE,SEX,Count,TOTAL_VICTIMS_BY_GROUP
ALBANY PARK,API,0-19,F,1,3
ALBANY PARK,API,0-19,M,1,10
ALBANY PARK,API,20-29,F,1,7
ALBANY PARK,API,20-29,M,3,67
ALBANY PARK,API,30-39,M,1,36
ALBANY PARK,API,50-59,M,1,19
ALBANY PARK,BLK,0-19,F,2,999
ALBANY PARK,BLK,0-19,M,11,7161
ALBANY PARK,BLK,20-29,F,4,1776
ALBANY PARK,BLK,20-29,M,18,13644
ALBANY PARK,BLK,30-39,M,12,6563
ALBANY PARK,BLK,40-49,M,2,2335
ALBANY PARK,BLK,50-59,M,1,1034
ALBANY PARK,BLK,60-69,F,1,91
ALBANY PARK,I,60-69,M,1,2
ALBANY PARK,UNKNOWN,0-19,M,1,74
ALBANY PARK,UNKNOWN,UNKNOWN,UNKNOWN,5,593
ALBANY PARK,WBH,0-19,M,2,54
ALBANY PARK,WBH,20-29,M,4,128
ALBANY PARK,WHI,0-19,M,4,108
ALBANY PARK,WHI,20-29,F,1,73
ALBANY PARK,WHI,20-29,M,10,340
ALBANY PARK,WHI,30-39,M,7,239
ALBANY PARK,WHI,40-49,M,3,122
ALBANY PARK,WHI,50-59,M,2,88
ALBANY PARK,WHI,70-79,M,1,8
ALBANY PARK,WWH,0-19,F,6,232
ALBANY PARK,WWH,0-19,M,37,1716
ALBANY PARK,WWH,20-29,F,10,381
ALBANY PARK,WWH,20-29,M,65,2923
ALBANY PARK,WWH,30-39,F,5,165
ALBANY PARK,WWH,30-39,M,16,1262
ALBANY PARK,WWH,40-49,F,2,65
ALBANY PARK,WWH,40-49,M,1,463
ALBANY PARK,WWH,50-59,M,1,161
ARCHER HEIGHTS,BLK,0-19,M,2,7161
ARCHER HEIGHTS,BLK,20-29,M,1,13644
ARCHER HEIGHTS,BLK,30-39,M,1,6563
ARCHER HEIGHTS,BLK,50-59,M,1,1034
ARCHER HEIGHTS,UNKNOWN,20-29,M,2,131
ARCHER HEIGHTS,WBH,50-59,M,1,7
ARCHER HEIGHTS,WHI,20-29,F,1,73
ARCHER HEIGHTS,WHI,20-29,M,3,340
ARCHER HEIGHTS,WHI,30-39,M,1,239
ARCHER HEIGHTS,WHI,40-49,M,1,122
ARCHER HEIGHTS,WHI,50-59,F,1,16
ARCHER HEIGHTS,WWH,0-19,F,3,232
ARCHER HEIGHTS,WWH,0-19,M,22,1716
ARCHER HEIGHTS,WWH,20-29,F,3,381
ARCHER HEIGHTS,WWH,20-29,M,42,2923
ARCHER HEIGHTS,WWH,30-39,M,16,1262
ARCHER HEIGHTS,WWH,40-49,M,3,463
ARCHER HEIGHTS,WWH,50-59,M,3,161
ARMOUR SQUARE,API,20-29,M,1,67
ARMOUR SQUARE,API,30-39,M,4,36
ARMOUR SQUARE,API,40-49,F,1,3
ARMOUR SQUARE,API,40-49,M,3,16
ARMOUR SQUARE,API,70-79,M,1,4
ARMOUR SQUARE,BLK,0-19,F,4,999
ARMOUR SQUARE,BLK,0-19,M,20,7161
ARMOUR SQUARE,BLK,20-29,F,2,1776
ARMOUR SQUARE,BLK,20-29,M,29,13644
ARMOUR SQUARE,BLK,30-39,F,5,862
ARMOUR SQUARE,BLK,30-39,M,20,6563
ARMOUR SQUARE,BLK,40-49,M,6,2335
ARMOUR SQUARE,BLK,50-59,F,1,230
ARMOUR SQUARE,BLK,50-59,M,2,1034
ARMOUR SQUARE,BLK,60-69,M,1,315
ARMOUR SQUARE,BLK,UNKNOWN,M,1,47
ARMOUR SQUARE,UNKNOWN,UNKNOWN,UNKNOWN,2,593
ARMOUR SQUARE,WBH,20-29,F,1,20
ARMOUR SQUARE,WHI,0-19,M,2,108
ARMOUR SQUARE,WHI,30-39,M,1,239
ARMOUR SQUARE,WHI,40-49,F,1,26
ARMOUR SQUARE,WHI,50-59,M,1,88
ARMOUR SQUARE,WWH,0-19,M,1,1716
ARMOUR SQUARE,WWH,20-29,F,2,381
ARMOUR SQUARE,WWH,30-39,M,1,1262
ARMOUR SQUARE,WWH,40-49,F,1,65
ARMOUR SQUARE,WWH,40-49,M,1,463
ARMOUR SQUARE,WWH,50-59,M,1,161
ASHBURN,BLK,0-19,F,5,999
ASHBURN,BLK,0-19,M,76,7161
ASHBURN,BLK,20-29,F,10,1776
ASHBURN,BLK,20-29,M,119,13644
ASHBURN,BLK,30-39,F,3,862
ASHBURN,BLK,30-39,M,29,6563
ASHBURN,BLK,40-49,F,1,403
ASHBURN,BLK,40-49,M,7,2335
ASHBURN,BLK,50-59,F,3,230
ASHBURN,BLK,50-59,M,6,1034
ASHBURN,UNKNOWN,0-19,UNKNOWN,1,19
ASHBURN,UNKNOWN,20-29,M,2,131
ASHBURN,UNKNOWN,40-49,M,1,20
ASHBURN,UNKNOWN,UNKNOWN,UNKNOWN,11,593
ASHBURN,WBH,20-29,M,1,128
ASHBURN,WHI,0-19,F,1,30
ASHBURN,WHI,0-19,M,5,108
ASHBURN,WHI,20-29,F,1,73
ASHBURN,WHI,20-29,M,5,340
ASHBURN,WHI,30-39,M,4,239
ASHBURN,WHI,40-49,M,2,122
ASHBURN,WHI,80+,M,1,5
ASHBURN,WWH,0-19,F,5,232
ASHBURN,WWH,0-19,M,19,1716
ASHBURN,WWH,20-29,F,2,381
ASHBURN,WWH,20-29,M,29,2923
ASHBURN,WWH,30-39,F,1,165
ASHBURN,WWH,30-39,M,9,1262
ASHBURN,WWH,40-49,M,7,463
AUBURN GRESHAM,API,50-59,M,1,19
AUBURN GRESHAM,BLK,0-19,F,53,999
AUBURN GRESHAM,BLK,0-19,M,325,7161
AUBURN GRESHAM,BLK,0-19,UNKNOWN,1,6
AUBURN GRESHAM,BLK,20-29,F,73,1776
AUBURN GRESHAM,BLK,20-29,M,720,13644
AUBURN GRESHAM,BLK,20-29,UNKNOWN,1,10
AUBURN GRESHAM,BLK,30-39,F,53,862
AUBURN GRESHAM,BLK,30-39,M,307,6563
AUBURN GRESHAM,BLK,40-49,F,18,403
AUBURN GRESHAM,BLK,40-49,M,112,2335
AUBURN GRESHAM,BLK,40-49,UNKNOWN,1,5
AUBURN GRESHAM,BLK,50-59,F,17,230
AUBURN GRESHAM,BLK,50-59,M,51,1034
AUBURN GRESHAM,BLK,50-59,UNKNOWN,1,2
AUBURN GRESHAM,BLK,60-69,F,8,91
AUBURN GRESHAM,BLK,60-69,M,16,315
AUBURN GRESHAM,BLK,70-79,F,1,23
AUBURN GRESHAM,BLK,70-79,M,1,68
AUBURN GRESHAM,BLK,80+,F,2,14
AUBURN GRESHAM,BLK,80+,M,1,21
AUBURN GRESHAM,I,30-39,F,1,1
AUBURN GRESHAM,I,40-49,M,1,2
AUBURN GRESHAM,UNKNOWN,0-19,F,1,19
AUBURN GRESHAM,UNKNOWN,0-19,M,1,74
AUBURN GRESHAM,UNKNOWN,0-19,UNKNOWN,1,19
AUBURN GRESHAM,UNKNOWN,20-29,F,1,29
AUBURN GRESHAM,UNKNOWN,20-29,M,5,131
AUBURN GRESHAM,UNKNOWN,30-39,F,1,16
AUBURN GRESHAM,UNKNOWN,30-39,M,2,63
AUBURN GRESHAM,UNKNOWN,40-49,M,1,20
AUBURN GRESHAM,UNKNOWN,UNKNOWN,UNKNOWN,19,593
AUBURN GRESHAM,WBH,0-19,M,2,54
AUBURN GRESHAM,WBH,20-29,M,1,128
AUBURN GRESHAM,WHI,20-29,M,2,340
AUBURN GRESHAM,WHI,30-39,M,4,239
AUBURN GRESHAM,WHI,40-49,M,2,122
AUBURN GRESHAM,WHI,60-69,M,1,45
AUBURN GRESHAM,WWH,0-19,M,2,1716
AUBURN GRESHAM,WWH,20-29,M,7,2923
AUBURN GRESHAM,WWH,30-39,F,1,165
AUBURN GRESHAM,WWH,30-39,M,5,1262
AUBURN GRESHAM,WWH,40-49,M,2,463
AUSTIN,API,0-19,M,1,10
AUSTIN,API,20-29,M,4,67
AUSTIN,API,30-39,M,2,36
AUSTIN,API,40-49,M,1,16
AUSTIN,API,50-59,M,2,19
AUSTIN,BLK,0-19,F,97,999
AUSTIN,BLK,0-19,M,696,7161
AUSTIN,BLK,20-29,F,185,1776
AUSTIN,BLK,20-29,M,1480,13644
AUSTIN,BLK,20-29,UNKNOWN,1,10
AUSTIN,BLK,30-39,F,64,862
AUSTIN,BLK,30-39,M,738,6563
AUSTIN,BLK,30-39,UNKNOWN,2,7
AUSTIN,BLK,40-49,F,37,403
AUSTIN,BLK,40-49,M,222,2335
AUSTIN,BLK,50-59,F,22,230
AUSTIN,BLK,50-59,M,106,1034
AUSTIN,BLK,60-69,F,5,91
AUSTIN,BLK,60-69,M,24,315
AUSTIN,BLK,70-79,M,8,68
AUSTIN,BLK,80+,M,2,21
AUSTIN,BLK,UNKNOWN,F,1,12
AUSTIN,BLK,UNKNOWN,M,2,47
AUSTIN,UNKNOWN,0-19,F,3,19
AUSTIN,UNKNOWN,0-19,M,2,74
AUSTIN,UNKNOWN,0-19,UNKNOWN,2,19
AUSTIN,UNKNOWN,20-29,F,3,29
AUSTIN,UNKNOWN,20-29,M,7,131
AUSTIN,UNKNOWN,20-29,UNKNOWN,2,21
AUSTIN,UNKNOWN,30-39,F,1,16
AUSTIN,UNKNOWN,30-39,M,7,63
AUSTIN,UNKNOWN,UNKNOWN,UNKNOWN,45,593
AUSTIN,WBH,0-19,F,1,10
AUSTIN,WBH,0-19,M,1,54
AUSTIN,WBH,20-29,F,1,20
AUSTIN,WBH,20-29,M,4,128
AUSTIN,WBH,30-39,M,3,64
AUSTIN,WBH,70-79,F,1,1
AUSTIN,WHI,0-19,M,3,108
AUSTIN,WHI,20-29,F,2,73
AUSTIN,WHI,20-29,M,8,340
AUSTIN,WHI,30-39,F,1,48
AUSTIN,WHI,30-39,M,8,239
AUSTIN,WHI,40-49,F,2,26
AUSTIN,WHI,40-49,M,5,122
AUSTIN,WHI,50-59,M,3,88
AUSTIN,WHI,60-69,M,3,45
AUSTIN,WHI,UNKNOWN,M,1,10
AUSTIN,WWH,0-19,F,4,232
AUSTIN,WWH,0-19,M,21,1716
AUSTIN,WWH,20-29,F,17,381
AUSTIN,WWH,20-29,M,56,2923
AUSTIN,WWH,30-39,F,9,165
AUSTIN,WWH,30-39,M,35,1262
AUSTIN,WWH,40-49,F,2,65
AUSTIN,WWH,40-49,M,16,463
AUSTIN,WWH,50-59,F,1,27
AUSTIN,WWH,50-59,M,6,161
AUSTIN,WWH,60-69,M,1,59
AUSTIN,WWH,UNKNOWN,F,1,5
AUSTIN,WWH,UNKNOWN,M,1,10
AVALON PARK,BLK,0-19,F,11,999
AVALON PARK,BLK,0-19,M,56,7161
AVALON PARK,BLK,20-29,F,16,1776
AVALON PARK,BLK,20-29,M,84,13644
AVALON PARK,BLK,30-39,F,7,862
AVALON PARK,BLK,30-39,M,45,6563
AVALON PARK,BLK,40-49,F,2,403
AVALON PARK,BLK,40-49,M,11,2335
AVALON PARK,BLK,50-59,F,4,230
AVALON PARK,BLK,50-59,M,8,1034
AVALON PARK,BLK,60-69,F,2,91
AVALON PARK,BLK,60-69,M,3,315
AVALON PARK,BLK,70-79,F,1,23
AVALON PARK,I,0-19,M,1,3
AVALON PARK,UNKNOWN,UNKNOWN,UNKNOWN,3,593
AVALON PARK,WHI,30-39,M,2,239
AVALON PARK,WHI,50-59,M,1,88
AVALON PARK,WWH,20-29,M,1,2923
AVALON PARK,WWH,30-39,M,1,1262
AVALON PARK,WWH,40-49,F,1,65
AVONDALE,API,20-29,M,1,67
AVONDALE,API,30-39,M,1,36
AVONDALE,API,40-49,M,1,16
AVONDALE,BLK,0-19,M,5,7161
AVONDALE,BLK,20-29,M,9,13644
AVONDALE,BLK,30-39,F,1,862
AVONDALE,BLK,30-39,M,5,6563
AVONDALE,BLK,40-49,M,2,2335
AVONDALE,UNKNOWN,20-29,M,2,131
AVONDALE,UNKNOWN,30-39,M,2,63
AVONDALE,UNKNOWN,UNKNOWN,UNKNOWN,5,593
AVONDALE,WBH,20-29,M,4,128
AVONDALE,WHI,0-19,F,1,30
AVONDALE,WHI,0-19,M,3,108
AVONDALE,WHI,20-29,F,2,73
AVONDALE,WHI,20-29,M,8,340
AVONDALE,WHI,30-39,F,1,48
AVONDALE,WHI,30-39,M,4,239
AVONDALE,WHI,40-49,F,3,26
AVONDALE,WHI,40-49,M,2,122
AVONDALE,WHI,50-59,F,1,16
AVONDALE,WHI,50-59,M,5,88
AVONDALE,WHI,60-69,M,2,45
AVONDALE,WWH,0-19,F,5,232
AVONDALE,WWH,0-19,M,29,1716
AVONDALE,WWH,20-29,F,4,381
AVONDALE,WWH,20-29,M,66,2923
AVONDALE,WWH,30-39,F,4,165
AVONDALE,WWH,30-39,M,32,1262
AVONDALE,WWH,40-49,M,8,463
AVONDALE,WWH,50-59,M,5,161
AVONDALE,WWH,60-69,M,2,59
BELMONT CRAGIN,API,20-29,M,2,67
BELMONT CRAGIN,BLK,0-19,F,3,999
BELMONT CRAGIN,BLK,0-19,M,12,7161
BELMONT CRAGIN,BLK,20-29,F,1,1776
BELMONT CRAGIN,BLK,20-29,M,23,13644
BELMONT CRAGIN,BLK,20-29,UNKNOWN,1,10
BELMONT CRAGIN,BLK,30-39,F,1,862
BELMONT CRAGIN,BLK,30-39,M,8,6563
BELMONT CRAGIN,BLK,40-49,F,2,403
BELMONT CRAGIN,BLK,40-49,M,3,2335
BELMONT CRAGIN,BLK,50-59,M,3,1034
BELMONT CRAGIN,UNKNOWN,0-19,UNKNOWN,1,19
BELMONT CRAGIN,UNKNOWN,40-49,F,1,4
BELMONT CRAGIN,UNKNOWN,40-49,M,1,20
BELMONT CRAGIN,UNKNOWN,UNKNOWN,UNKNOWN,12,593
BELMONT CRAGIN,WBH,0-19,M,2,54
BELMONT CRAGIN,WBH,20-29,M,6,128
BELMONT CRAGIN,WBH,30-39,M,3,64
BELMONT CRAGIN,WBH,40-49,M,1,15
BELMONT CRAGIN,WBH,50-59,M,1,7
BELMONT CRAGIN,WHI,0-19,F,3,30
BELMONT CRAGIN,WHI,0-19,M,2,108
BELMONT CRAGIN,WHI,20-29,F,2,73
BELMONT CRAGIN,WHI,20-29,M,15,340
BELMONT CRAGIN,WHI,30-39,F,2,48
BELMONT CRAGIN,WHI,30-39,M,5,239
BELMONT CRAGIN,WHI,40-49,F,1,26
BELMONT CRAGIN,WHI,40-49,M,4,122
BELMONT CRAGIN,WHI,50-59,M,3,88
BELMONT CRAGIN,WHI,80+,M,1,5
BELMONT CRAGIN,WWH,0-19,F,14,232
BELMONT CRAGIN,WWH,0-19,M,127,1716
BELMONT CRAGIN,WWH,20-29,F,20,381
BELMONT CRAGIN,WWH,20-29,M,184,2923
BELMONT CRAGIN,WWH,30-39,F,8,165
BELMONT CRAGIN,WWH,30-39,M,62,1262
BELMONT CRAGIN,WWH,40-49,F,3,65
BELMONT CRAGIN,WWH,40-49,M,22,463
BELMONT CRAGIN,WWH,50-59,F,2,27
BELMONT CRAGIN,WWH,50-59,M,6,161
BELMONT CRAGIN,WWH,60-69,M,1,59
BELMONT CRAGIN,WWH,70-79,F,1,4
BELMONT CRAGIN,WWH,70-79,M,1,13
BELMONT CRAGIN,WWH,UNKNOWN,F,1,5
BEVERLY,API,20-29,M,1,67
BEVERLY,BLK,0-19,M,2,7161
BEVERLY,BLK,20-29,F,3,1776
BEVERLY,BLK,20-29,M,9,13644
BEVERLY,BLK,30-39,M,7,6563
BEVERLY,BLK,40-49,M,1,2335
BEVERLY,BLK,50-59,M,1,1034
BEVERLY,BLK,60-69,F,1,91
BEVERLY,UNKNOWN,UNKNOWN,UNKNOWN,1,593
BEVERLY,WHI,20-29,M,1,340
BEVERLY,WHI,30-39,M,1,239
BRIDGEPORT,API,20-29,M,2,67
BRIDGEPORT,API,30-39,M,1,36
BRIDGEPORT,API,50-59,M,1,19
BRIDGEPORT,API,70-79,F,1,1
BRIDGEPORT,API,80+,F,1,1
BRIDGEPORT,BLK,0-19,M,3,7161
BRIDGEPORT,BLK,20-29,F,1,1776
BRIDGEPORT,BLK,20-29,M,8,13644
BRIDGEPORT,BLK,30-39,M,9,6563
BRIDGEPORT,BLK,40-49,M,2,2335
BRIDGEPORT,UNKNOWN,0-19,M,1,74
BRIDGEPORT,UNKNOWN,UNKNOWN,UNKNOWN,1,593
BRIDGEPORT,WBH,20-29,M,1,128
BRIDGEPORT,WHI,0-19,M,6,108
BRIDGEPORT,WHI,20-29,M,12,340
BRIDGEPORT,WHI,30-39,M,4,239
BRIDGEPORT,WHI,40-49,M,1,122
BRIDGEPORT,WHI,50-59,F,1,16
BRIDGEPORT,WHI,50-59,M,1,88
BRIDGEPORT,WWH,0-19,F,1,232
BRIDGEPORT,WWH,0-19,M,14,1716
BRIDGEPORT,WWH,20-29,F,4,381
BRIDGEPORT,WWH,20-29,M,43,2923
BRIDGEPORT,WWH,30-39,F,1,165
BRIDGEPORT,WWH,30-39,M,9,1262
BRIDGEPORT,WWH,40-49,M,1,463
BRIDGEPORT,WWH,60-69,M,1,59
BRIGHTON PARK,BLK,0-19,M,6,7161
BRIGHTON PARK,BLK,20-29,F,1,1776
BRIGHTON PARK,BLK,20-29,M,11,13644
BRIGHTON PARK,BLK,30-39,M,8,6563
BRIGHTON PARK,BLK,40-49,M,1,2335
BRIGHTON PARK,BLK,50-59,M,3,1034
BRIGHTON PARK,BLK,60-69,M,1,315
BRIGHTON PARK,UNKNOWN,20-29,M,4,131
BRIGHTON PARK,UNKNOWN,UNKNOWN,UNKNOWN,3,593
BRIGHTON PARK,WBH,0-19,M,2,54
BRIGHTON PARK,WBH,20-29,F,1,20
BRIGHTON PARK,WBH,20-29,M,3,128
BRIGHTON PARK,WBH,30-39,F,1,9
BRIGHTON PARK,WHI,0-19,M,6,108
BRIGHTON PARK,WHI,20-29,F,3,73
BRIGHTON PARK,WHI,20-29,M,14,340
BRIGHTON PARK,WHI,30-39,F,2,48
BRIGHTON PARK,WHI,30-39,M,5,239
BRIGHTON PARK,WHI,50-59,F,2,16
BRIGHTON PARK,WHI,50-59,M,2,88
BRIGHTON PARK,WHI,70-79,F,1,6
BRIGHTON PARK,WWH,0-19,F,11,232
BRIGHTON PARK,WWH,0-19,M,141,1716
BRIGHTON PARK,WWH,20-29,F,22,381
BRIGHTON PARK,WWH,20-29,M,181,2923
BRIGHTON PARK,WWH,30-39,F,6,165
BRIGHTON PARK,WWH,30-39,M,65,1262
BRIGHTON PARK,WWH,30-39,UNKNOWN,1,1
BRIGHTON PARK,WWH,40-49,F,4,65
BRIGHTON PARK,WWH,40-49,M,26,463
BRIGHTON PARK,WWH,50-59,M,9,161
BRIGHTON PARK,WWH,60-69,F,1,6
BRIGHTON PARK,WWH,60-69,M,2,59
BRIGHTON PARK,WWH,70-79,M,2,13
BRIGHTON PARK,WWH,80+,M,1,2
BRIGHTON PARK,WWH,UNKNOWN,F,1,5
BURNSIDE,BLK,0-19,F,3,999
BURNSIDE,BLK,0-19,M,21,7161
BURNSIDE,BLK,20-29,F,5,1776
BURNSIDE,BLK,20-29,M,25,13644
BURNSIDE,BLK,30-39,F,2,862
BURNSIDE,BLK,30-39,M,16,6563
BURNSIDE,BLK,40-49,F,1,403
BURNSIDE,BLK,40-49,M,7,2335
BURNSIDE,BLK,50-59,F,1,230
BURNSIDE,BLK,50-59,M,1,1034
BURNSIDE,BLK,60-69,F,2,91
BURNSIDE,BLK,60-69,M,1,315
BURNSIDE,UNKNOWN,30-39,M,1,63
BURNSIDE,UNKNOWN,UNKNOWN,UNKNOWN,1,593
BURNSIDE,WHI,40-49,M,1,122
BURNSIDE,WWH,20-29,M,1,2923
CALUMET HEIGHTS,BLK,0-19,F,10,999
CALUMET HEIGHTS,BLK,0-19,M,50,7161
CALUMET HEIGHTS,BLK,20-29,F,9,1776
CALUMET HEIGHTS,BLK,20-29,M,102,13644
CALUMET HEIGHTS,BLK,30-39,F,2,862
CALUMET HEIGHTS,BLK,30-39,M,35,6563
CALUMET HEIGHTS,BLK,40-49,F,4,403
CALUMET HEIGHTS,BLK,40-49,M,19,2335
CALUMET HEIGHTS,BLK,50-59,F,2,230
CALUMET HEIGHTS,BLK,50-59,M,4,1034
CALUMET HEIGHTS,BLK,60-69,M,3,315
CALUMET HEIGHTS,BLK,70-79,F,1,23
CALUMET HEIGHTS,BLK,70-79,M,1,68
CALUMET HEIGHTS,UNKNOWN,20-29,M,1,131
CALUMET HEIGHTS,UNKNOWN,20-29,UNKNOWN,1,21
CALUMET HEIGHTS,UNKNOWN,40-49,F,1,4
CALUMET HEIGHTS,UNKNOWN,UNKNOWN,UNKNOWN,2,593
CALUMET HEIGHTS,WWH,0-19,M,4,1716
CALUMET HEIGHTS,WWH,20-29,M,1,2923
CALUMET HEIGHTS,WWH,40-49,M,1,463
CHATHAM,API,20-29,M,4,67
CHATHAM,BLK,0-19,F,35,999
CHATHAM,BLK,0-19,M,202,7161
CHATHAM,BLK,20-29,F,64,1776
CHATHAM,BLK,20-29,M,406,13644
CHATHAM,BLK,30-39,F,24,862
CHATHAM,BLK,30-39,M,186,6563
CHATHAM,BLK,40-49,F,15,403
CHATHAM,BLK,40-49,M,86,2335
CHATHAM,BLK,50-59,F,10,230
CHATHAM,BLK,50-59,M,38,1034
CHATHAM,BLK,60-69,M,21,315
CHATHAM,BLK,70-79,M,3,68
CHATHAM,BLK,80+,M,5,21
CHATHAM,BLK,UNKNOWN,M,1,47
CHATHAM,UNKNOWN,0-19,UNKNOWN,1,19
CHATHAM,UNKNOWN,20-29,M,6,131
CHATHAM,UNKNOWN,20-29,UNKNOWN,1,21
CHATHAM,UNKNOWN,30-39,F,1,16
CHATHAM,UNKNOWN,30-39,M,1,63
CHATHAM,UNKNOWN,UNKNOWN,UNKNOWN,15,593
CHATHAM,WBH,20-29,M,1,128
CHATHAM,WHI,20-29,F,1,73
CHATHAM,WHI,30-39,F,1,48
CHATHAM,WHI,30-39,M,4,239
CHATHAM,WHI,40-49,M,2,122
CHATHAM,WHI,60-69,M,1,45
CHATHAM,WWH,20-29,F,1,381
CHATHAM,WWH,20-29,M,5,2923
CHATHAM,WWH,30-39,F,4,165
CHATHAM,WWH,30-39,M,4,1262
CHATHAM,WWH,40-49,F,1,65
CHATHAM,WWH,40-49,M,1,463
CHATHAM,WWH,UNKNOWN,F,1,5
CHATHAM,WWH,UNKNOWN,M,1,10
CHICAGO LAWN,API,20-29,M,2,67
CHICAGO LAWN,API,30-39,M,1,36
CHICAGO LAWN,API,50-59,M,1,19
CHICAGO LAWN,BLK,0-19,F,44,999
CHICAGO LAWN,BLK,0-19,M,280,7161
CHICAGO LAWN,BLK,20-29,F,56,1776
CHICAGO LAWN,BLK,20-29,M,408,13644
CHICAGO LAWN,BLK,30-39,F,27,862
CHICAGO LAWN,BLK,30-39,M,190,6563
CHICAGO LAWN,BLK,40-49,F,13,403
CHICAGO LAWN,BLK,40-49,M,61,2335
CHICAGO LAWN,BLK,50-59,F,9,230
CHICAGO LAWN,BLK,50-59,M,27,1034
CHICAGO LAWN,BLK,60-69,F,2,91
CHICAGO LAWN,BLK,60-69,M,2,315
CHICAGO LAWN,BLK,70-79,M,1,68
CHICAGO LAWN,BLK,UNKNOWN,F,1,12
CHICAGO LAWN,BLK,UNKNOWN,M,1,47
CHICAGO LAWN,UNKNOWN,0-19,M,1,74
CHICAGO LAWN,UNKNOWN,20-29,M,3,131
CHICAGO LAWN,UNKNOWN,20-29,UNKNOWN,2,21
CHICAGO LAWN,UNKNOWN,30-39,F,1,16
CHICAGO LAWN,UNKNOWN,30-39,M,2,63
CHICAGO LAWN,UNKNOWN,40-49,M,1,20
CHICAGO LAWN,UNKNOWN,50-59,M,1,8
CHICAGO LAWN,UNKNOWN,UNKNOWN,UNKNOWN,17,593
CHICAGO LAWN,WBH,0-19,F,1,10
CHICAGO LAWN,WBH,20-29,M,5,128
CHICAGO LAWN,WBH,30-39,M,4,64
CHICAGO LAWN,WHI,0-19,F,1,30
CHICAGO LAWN,WHI,0-19,M,2,108
CHICAGO LAWN,WHI,20-29,F,2,73
CHICAGO LAWN,WHI,20-29,M,5,340
CHICAGO LAWN,WHI,30-39,F,1,48
CHICAGO LAWN,WHI,30-39,M,4,239
CHICAGO LAWN,WHI,40-49,M,3,122
CHICAGO LAWN,WHI,50-59,M,4,88
CHICAGO LAWN,WWH,0-19,F,10,232
CHICAGO LAWN,WWH,0-19,M,73,1716
CHICAGO LAWN,WWH,20-29,F,16,381
CHICAGO LAWN,WWH,20-29,M,95,2923
CHICAGO LAWN,WWH,30-39,F,11,165
CHICAGO LAWN,WWH,30-39,M,40,1262
CHICAGO LAWN,WWH,40-49,F,3,65
CHICAGO LAWN,WWH,40-49,M,20,463
CHICAGO LAWN,WWH,50-59,M,5,161
CHICAGO LAWN,WWH,60-69,M,5,59
CHICAGO LAWN,WWH,70-79,F,1,4
CHICAGO LAWN,WWH,70-79,M,1,13
CHICAGO LAWN,WWH,UNKNOWN,F,1,5
CLEARING,BLK,20-29,M,1,13644
CLEARING,BLK,30-39,M,2,6563
CLEARING,BLK,40-49,M,1,2335
CLEARING,WHI,20-29,M,3,340
CLEARING,WHI,30-39,M,4,239
CLEARING,WHI,60-69,F,1,10
CLEARING,WWH,0-19,F,1,232
CLEARING,WWH,0-19,M,6,1716
CLEARING,WWH,20-29,M,7,2923
CLEARING,WWH,30-39,M,3,1262
CLEARING,WWH,40-49,M,1,463
DOUGLAS,API,0-19,M,1,10
DOUGLAS,API,20-29,M,1,67
DOUGLAS,BLK,0-19,F,12,999
DOUGLAS,BLK,0-19,M,60,7161
DOUGLAS,BLK,0-19,UNKNOWN,1,6
DOUGLAS,BLK,20-29,F,8,1776
DOUGLAS,BLK,20-29,M,101,13644
DOUGLAS,BLK,30-39,F,8,862
DOUGLAS,BLK,30-39,M,50,6563
DOUGLAS,BLK,40-49,F,3,403
DOUGLAS,BLK,40-49,M,17,2335
DOUGLAS,BLK,50-59,F,2,230
DOUGLAS,BLK,50-59,M,8,1034
DOUGLAS,BLK,60-69,F,3,91
DOUGLAS,BLK,60-69,M,5,315
DOUGLAS,BLK,70-79,F,1,23
DOUGLAS,BLK,80+,F,1,14
DOUGLAS,BLK,UNKNOWN,F,1,12
DOUGLAS,BLK,UNKNOWN,M,2,47
DOUGLAS,UNKNOWN,0-19,M,1,74
DOUGLAS,UNKNOWN,20-29,F,1,29
DOUGLAS,UNKNOWN,20-29,M,2,131
DOUGLAS,UNKNOWN,UNKNOWN,UNKNOWN,3,593
DOUGLAS,WBH,50-59,M,1,7
DOUGLAS,WWH,30-39,M,1,1262
DUNNING,API,60-69,M,1,3
DUNNING,BLK,30-39,M,1,6563
DUNNING,BLK,40-49,M,1,2335
DUNNING,UNKNOWN,UNKNOWN,UNKNOWN,2,593
DUNNING,WBH,0-19,M,1,54
DUNNING,WBH,20-29,M,1,128
DUNNING,WHI,0-19,F,1,30
DUNNING,WHI,0-19,M,1,108
DUNNING,WHI,20-29,F,1,73
DUNNING,WHI,20-29,M,8,340
DUNNING,WHI,30-39,F,1,48
DUNNING,WHI,30-39,M,3,239
DUNNING,WHI,40-49,F,1,26
DUNNING,WHI,40-49,M,2,122
DUNNING,WHI,50-59,M,1,88
DUNNING,WHI,60-69,F,1,10
DUNNING,WHI,60-69,M,1,45
DUNNING,WHI,80+,F,1,3
DUNNING,WWH,0-19,F,1,232
DUNNING,WWH,0-19,M,2,1716
DUNNING,WWH,20-29,F,1,381
DUNNING,WWH,20-29,M,12,2923
DUNNING,WWH,30-39,F,1,165
DUNNING,WWH,30-39,M,6,1262
DUNNING,WWH,40-49,M,4,463
DUNNING,WWH,50-59,M,1,161
EAST GARFIELD PARK,API,30-39,M,1,36
EAST GARFIELD PARK,API,50-59,M,1,19
EAST GARFIELD PARK,BLK,0-19,F,35,999
EAST GARFIELD PARK,BLK,0-19,M,242,7161
EAST GARFIELD PARK,BLK,20-29,F,56,1776
EAST GARFIELD PARK,BLK,20-29,M,568,13644
EAST GARFIELD PARK,BLK,30-39,F,35,862
EAST GARFIELD PARK,BLK,30-39,M,309,6563
EAST GARFIELD PARK,BLK,40-49,F,20,403
EAST GARFIELD PARK,BLK,40-49,M,121,2335
EAST GARFIELD PARK,BLK,50-59,F,6,230
EAST GARFIELD PARK,BLK,50-59,M,45,1034
EAST GARFIELD PARK,BLK,50-59,UNKNOWN,1,2
EAST GARFIELD PARK,BLK,60-69,F,4,91
EAST GARFIELD PARK,BLK,60-69,M,9,315
EAST GARFIELD PARK,BLK,70-79,F,2,23
EAST GARFIELD PARK,BLK,UNKNOWN,F,1,12
EAST GARFIELD PARK,BLK,UNKNOWN,M,2,47
EAST GARFIELD PARK,UNKNOWN,0-19,M,2,74
EAST GARFIELD PARK,UNKNOWN,20-29,F,3,29
EAST GARFIELD PARK,UNKNOWN,20-29,M,3,131
EAST GARFIELD PARK,UNKNOWN,30-39,F,4,16
EAST GARFIELD PARK,UNKNOWN,30-39,M,4,63
EAST GARFIELD PARK,UNKNOWN,40-49,M,1,20
EAST GARFIELD PARK,UNKNOWN,UNKNOWN,M,2,4
EAST GARFIELD PARK,UNKNOWN,UNKNOWN,UNKNOWN,20,593
EAST GARFIELD PARK,WBH,20-29,M,2,128
EAST GARFIELD PARK,WBH,30-39,M,1,64
EAST GARFIELD PARK,WBH,40-49,F,1,6
EAST GARFIELD PARK,WBH,60-69,M,1,1
EAST GARFIELD PARK,WHI,0-19,F,1,30
EAST GARFIELD PARK,WHI,20-29,M,3,340
EAST GARFIELD PARK,WHI,30-39,M,5,239
EAST GARFIELD PARK,WHI,50-59,M,2,88
EAST GARFIELD PARK,WHI,UNKNOWN,M,2,10
EAST GARFIELD PARK,WWH,0-19,F,2,232
EAST GARFIELD PARK,WWH,0-19,M,2,1716
EAST GARFIELD PARK,WWH,20-29,F,1,381
EAST GARFIELD PARK,WWH,20-29,M,9,2923
EAST GARFIELD PARK,WWH,30-39,F,2,165
EAST GARFIELD PARK,WWH,30-39,M,7,1262
EAST GARFIELD PARK,WWH,40-49,M,5,463
EAST GARFIELD PARK,WWH,50-59,M,1,161
EAST SIDE,BLK,0-19,M,8,7161
EAST SIDE,BLK,20-29,F,1,1776
EAST SIDE,BLK,20-29,M,8,13644
EAST SIDE,BLK,30-39,M,1,6563
EAST SIDE,BLK,60-69,M,1,315
EAST SIDE,UNKNOWN,30-39,M,1,63
EAST SIDE,UNKNOWN,UNKNOWN,UNKNOWN,4,593
EAST SIDE,WBH,0-19,M,1,54
EAST SIDE,WBH,20-29,M,2,128
EAST SIDE,WBH,30-39,M,1,64
EAST SIDE,WHI,20-29,M,5,340
EAST SIDE,WHI,40-49,M,1,122
EAST SIDE,WHI,50-59,F,1,16
EAST SIDE,WHI,50-59,M,1,88
EAST SIDE,WHI,70-79,M,1,8
EAST SIDE,WWH,0-19,F,2,232
EAST SIDE,WWH,0-19,M,40,1716
EAST SIDE,WWH,20-29,F,5,381
EAST SIDE,WWH,20-29,M,56,2923
EAST SIDE,WWH,30-39,F,2,165
EAST SIDE,WWH,30-39,M,21,1262
EAST SIDE,WWH,40-49,M,7,463
EAST SIDE,WWH,50-59,M,3,161
EAST SIDE,WWH,60-69,M,2,59
EDGEWATER,BLK,0-19,F,2,999
EDGEWATER,BLK,0-19,M,11,7161
EDGEWATER,BLK,20-29,F,3,1776
EDGEWATER,BLK,20-29,M,31,13644
EDGEWATER,BLK,30-39,M,18,6563
EDGEWATER,BLK,40-49,F,1,403
EDGEWATER,BLK,40-49,M,8,2335
EDGEWATER,BLK,50-59,F,2,230
EDGEWATER,BLK,50-59,M,4,1034
EDGEWATER,BLK,60-69,M,2,315
EDGEWATER,UNKNOWN,30-39,M,1,63
EDGEWATER,UNKNOWN,UNKNOWN,UNKNOWN,1,593
EDGEWATER,WBH,0-19,M,1,54
EDGEWATER,WBH,30-39,M,1,64
EDGEWATER,WHI,30-39,M,4,239
EDGEWATER,WHI,40-49,M,1,122
EDGEWATER,WHI,50-59,M,2,88
EDGEWATER,WHI,60-69,M,1,45
EDGEWATER,WHI,70-79,F,1,6
EDGEWATER,WWH,0-19,F,1,232
EDGEWATER,WWH,0-19,M,5,1716
EDGEWATER,WWH,20-29,M,5,2923
EDGEWATER,WWH,30-39,M,5,1262
EDGEWATER,WWH,50-59,F,1,27
EDGEWATER,WWH,70-79,F,1,4
EDISON PARK,WHI,70-79,F,1,6
EDISON PARK,WWH,40-49,M,1,463
ENGLEWOOD,API,30-39,M,3,36
ENGLEWOOD,API,40-49,M,2,16
ENGLEWOOD,API,50-59,F,1,2
ENGLEWOOD,API,50-59,M,1,19
ENGLEWOOD,API,70-79,M,1,4
ENGLEWOOD,BLK,0-19,F,56,999
ENGLEWOOD,BLK,0-19,M,389,7161
ENGLEWOOD,BLK,20-29,F,86,1776
ENGLEWOOD,BLK,20-29,M,771,13644
ENGLEWOOD,BLK,30-39,F,49,862
ENGLEWOOD,BLK,30-39,M,350,6563
ENGLEWOOD,BLK,40-49,F,17,403
ENGLEWOOD,BLK,40-49,M,142,2335
ENGLEWOOD,BLK,50-59,F,6,230
ENGLEWOOD,BLK,50-59,M,61,1034
ENGLEWOOD,BLK,60-69,F,4,91
ENGLEWOOD,BLK,60-69,M,24,315
ENGLEWOOD,BLK,70-79,F,2,23
ENGLEWOOD,BLK,70-79,M,7,68
ENGLEWOOD,BLK,80+,F,1,14
ENGLEWOOD,BLK,80+,M,2,21
ENGLEWOOD,BLK,UNKNOWN,M,1,47
ENGLEWOOD,UNKNOWN,0-19,M,1,74
ENGLEWOOD,UNKNOWN,20-29,F,1,29
ENGLEWOOD,UNKNOWN,20-29,M,4,131
ENGLEWOOD,UNKNOWN,40-49,M,1,20
ENGLEWOOD,UNKNOWN,40-49,UNKNOWN,2,6
ENGLEWOOD,UNKNOWN,50-59,M,1,8
ENGLEWOOD,UNKNOWN,UNKNOWN,UNKNOWN,10,593
ENGLEWOOD,WBH,0-19,F,1,10
ENGLEWOOD,WBH,20-29,M,3,128
ENGLEWOOD,WBH,30-39,M,1,64
ENGLEWOOD,WHI,20-29,F,1,73
ENGLEWOOD,WHI,20-29,M,1,340
ENGLEWOOD,WHI,30-39,M,1,239
ENGLEWOOD,WHI,40-49,M,1,122
ENGLEWOOD,WHI,50-59,M,1,88
ENGLEWOOD,WHI,60-69,M,1,45
ENGLEWOOD,WWH,0-19,F,2,232
ENGLEWOOD,WWH,0-19,M,3,1716
ENGLEWOOD,WWH,20-29,M,7,2923
ENGLEWOOD,WWH,30-39,M,4,1262
ENGLEWOOD,WWH,40-49,F,1,65
ENGLEWOOD,WWH,40-49,M,1,463
ENGLEWOOD,WWH,50-59,M,1,161
ENGLEWOOD,WWH,UNKNOWN,M,1,10
FOREST GLEN,API,20-29,M,1,67
FOREST GLEN,BLK,20-29,M,1,13644
FOREST GLEN,BLK,40-49,M,1,2335
FOREST GLEN,WHI,0-19,M,1,108
FOREST GLEN,WHI,20-29,M,1,340
FOREST GLEN,WHI,30-39,M,1,239
FOREST GLEN,WHI,50-59,M,1,88
FOREST GLEN,WHI,60-69,M,1,45
FOREST GLEN,WWH,20-29,M,1,2923
FOREST GLEN,WWH,30-39,M,1,1262
FULLER PARK,BLK,0-19,F,6,999
FULLER PARK,BLK,0-19,M,42,7161
FULLER PARK,BLK,20-29,F,15,1776
FULLER PARK,BLK,20-29,M,81,13644
FULLER PARK,BLK,30-39,F,9,862
FULLER PARK,BLK,30-39,M,53,6563
FULLER PARK,BLK,40-49,F,2,403
FULLER PARK,BLK,40-49,M,19,2335
FULLER PARK,BLK,50-59,M,8,1034
FULLER PARK,BLK,60-69,F,1,91
FULLER PARK,BLK,60-69,M,1,315
FULLER PARK,UNKNOWN,20-29,M,1,131
FULLER PARK,UNKNOWN,60-69,M,1,2
FULLER PARK,UNKNOWN,UNKNOWN,UNKNOWN,4,593
FULLER PARK,WBH,20-29,M,2,128
FULLER PARK,WHI,0-19,F,1,30
FULLER PARK,WHI,0-19,M,1,108
FULLER PARK,WHI,30-39,M,1,239
FULLER PARK,WHI,40-49,M,1,122
FULLER PARK,WHI,60-69,M,1,45
FULLER PARK,WWH,0-19,M,1,1716
FULLER PARK,WWH,20-29,M,8,2923
FULLER PARK,WWH,30-39,M,2,1262
FULLER PARK,WWH,UNKNOWN,M,1,10
GAGE PARK,BLK,0-19,F,2,999
GAGE PARK,BLK,0-19,M,22,7161
GAGE PARK,BLK,20-29,M,23,13644
GAGE PARK,BLK,30-39,M,10,6563
GAGE PARK,BLK,40-49,F,1,403
GAGE PARK,BLK,40-49,M,4,2335
GAGE PARK,BLK,50-59,M,2,1034
GAGE PARK,BLK,UNKNOWN,M,1,47
GAGE PARK,UNKNOWN,0-19,M,1,74
GAGE PARK,UNKNOWN,20-29,M,1,131
GAGE PARK,UNKNOWN,UNKNOWN,UNKNOWN,8,593
GAGE PARK,WBH,20-29,F,1,20
GAGE PARK,WBH,30-39,M,2,64
GAGE PARK,WBH,40-49,F,1,6
GAGE PARK,WHI,0-19,M,2,108
GAGE PARK,WHI,20-29,M,4,340
GAGE PARK,WHI,30-39,F,2,48
GAGE PARK,WHI,30-39,M,7,239
GAGE PARK,WHI,40-49,M,2,122
GAGE PARK,WHI,50-59,M,1,88
GAGE PARK,WHI,60-69,M,3,45
GAGE PARK,WWH,0-19,F,10,232
GAGE PARK,WWH,0-19,M,107,1716
GAGE PARK,WWH,20-29,F,15,381
GAGE PARK,WWH,20-29,M,152,2923
GAGE PARK,WWH,30-39,F,5,165
GAGE PARK,WWH,30-39,M,63,1262
GAGE PARK,WWH,40-49,F,2,65
GAGE PARK,WWH,40-49,M,18,463
GAGE PARK,WWH,50-59,F,2,27
GAGE PARK,WWH,50-59,M,4,161
GAGE PARK,WWH,60-69,M,1,59
GAGE PARK,WWH,70-79,F,1,4
GAGE PARK,WWH,70-79,M,1,13
GARFIELD RIDGE,BLK,0-19,F,1,999
GARFIELD RIDGE,BLK,0-19,M,2,7161
GARFIELD RIDGE,BLK,20-29,F,4,1776
GARFIELD RIDGE,BLK,20-29,M,23,13644
GARFIELD RIDGE,BLK,30-39,F,2,862
GARFIELD RIDGE,BLK,30-39,M,8,6563
GARFIELD RIDGE,BLK,40-49,F,1,403
GARFIELD RIDGE,BLK,40-49,M,6,2335
GARFIELD RIDGE,BLK,50-59,M,3,1034
GARFIELD RIDGE,BLK,60-69,F,1,91
GARFIELD RIDGE,BLK,60-69,M,1,315
GARFIELD RIDGE,UNKNOWN,20-29,M,1,131
GARFIELD RIDGE,UNKNOWN,UNKNOWN,UNKNOWN,3,593
GARFIELD RIDGE,WHI,20-29,M,1,340
GARFIELD RIDGE,WHI,30-39,M,2,239
GARFIELD RIDGE,WHI,40-49,F,1,26
GARFIELD RIDGE,WHI,50-59,M,1,88
GARFIELD RIDGE,WHI,60-69,M,1,45
GARFIELD RIDGE,WHI,70-79,F,1,6
GARFIELD RIDGE,WWH,0-19,M,12,1716
GARFIELD RIDGE,WWH,20-29,M,18,2923
GARFIELD RIDGE,WWH,30-39,F,2,165
GARFIELD RIDGE,WWH,30-39,M,9,1262
GARFIELD RIDGE,WWH,40-49,M,3,463
GARFIELD RIDGE,WWH,50-59,F,2,27
GARFIELD RIDGE,WWH,60-69,M,1,59
GRAND BOULEVARD,API,30-39,M,1,36
GRAND BOULEVARD,BLK,0-19,F,14,999
GRAND BOULEVARD,BLK,0-19,M,147,7161
GRAND BOULEVARD,BLK,20-29,F,22,1776
GRAND BOULEVARD,BLK,20-29,M,239,13644
GRAND BOULEVARD,BLK,20-29,UNKNOWN,2,10
GRAND BOULEVARD,BLK,30-39,F,12,862
GRAND BOULEVARD,BLK,30-39,M,110,6563
GRAND BOULEVARD,BLK,40-49,F,10,403
GRAND BOULEVARD,BLK,40-49,M,48,2335
GRAND BOULEVARD,BLK,50-59,F,5,230
GRAND BOULEVARD,BLK,50-59,M,19,1034
GRAND BOULEVARD,BLK,60-69,F,2,91
GRAND BOULEVARD,BLK,60-69,M,9,315
GRAND BOULEVARD,BLK,70-79,F,1,23
GRAND BOULEVARD,BLK,70-79,M,1,68
GRAND BOULEVARD,I,20-29,F,1,4
GRAND BOULEVARD,UNKNOWN,0-19,M,3,74
GRAND BOULEVARD,UNKNOWN,0-19,UNKNOWN,1,19
GRAND BOULEVARD,UNKNOWN,20-29,M,4,131
GRAND BOULEVARD,UNKNOWN,30-39,M,1,63
GRAND BOULEVARD,UNKNOWN,UNKNOWN,UNKNOWN,8,593
GRAND BOULEVARD,WBH,30-39,M,2,64
GRAND BOULEVARD,WHI,20-29,F,1,73
GRAND BOULEVARD,WHI,20-29,M,2,340
GRAND BOULEVARD,WHI,30-39,M,1,239
GRAND BOULEVARD,WWH,20-29,F,1,381
GRAND BOULEVARD,WWH,20-29,M,3,2923
GRAND BOULEVARD,WWH,30-39,M,1,1262
GRAND BOULEVARD,WWH,40-49,F,1,65
GRAND BOULEVARD,WWH,40-49,M,1,463
GREATER GRAND CROSSING,API,20-29,M,4,67
GREATER GRAND CROSSING,API,30-39,F,1,3
GREATER GRAND CROSSING,API,40-49,M,2,16
GREATER GRAND CROSSING,API,50-59,M,1,19
GREATER GRAND CROSSING,API,70-79,M,1,4
GREATER GRAND CROSSING,BLK,0-19,F,52,999
GREATER GRAND CROSSING,BLK,0-19,M,288,7161
GREATER GRAND CROSSING,BLK,20-29,F,103,1776
GREATER GRAND CROSSING,BLK,20-29,M,670,13644
GREATER GRAND CROSSING,BLK,30-39,F,50,862
GREATER GRAND CROSSING,BLK,30-39,M,342,6563
GREATER GRAND CROSSING,BLK,40-49,F,23,403
GREATER GRAND CROSSING,BLK,40-49,M,135,2335
GREATER GRAND CROSSING,BLK,50-59,F,16,230
GREATER GRAND CROSSING,BLK,50-59,M,61,1034
GREATER GRAND CROSSING,BLK,60-69,F,3,91
GREATER GRAND CROSSING,BLK,60-69,M,17,315
GREATER GRAND CROSSING,BLK,70-79,M,3,68
GREATER GRAND CROSSING,BLK,80+,F,1,14
GREATER GRAND CROSSING,BLK,UNKNOWN,F,1,12
GREATER GRAND CROSSING,BLK,UNKNOWN,M,1,47
GREATER GRAND CROSSING,UNKNOWN,0-19,F,3,19
GREATER GRAND CROSSING,UNKNOWN,0-19,M,2,74
GREATER GRAND CROSSING,UNKNOWN,0-19,UNKNOWN,2,19
GREATER GRAND CROSSING,UNKNOWN,20-29,F,1,29
GREATER GRAND CROSSING,UNKNOWN,20-29,M,2,131
GREATER GRAND CROSSING,UNKNOWN,20-29,UNKNOWN,1,21
GREATER GRAND CROSSING,UNKNOWN,30-39,F,2,16
GREATER GRAND CROSSING,UNKNOWN,30-39,M,4,63
GREATER GRAND CROSSING,UNKNOWN,30-39,UNKNOWN,1,5
GREATER GRAND CROSSING,UNKNOWN,40-49,M,2,20
GREATER GRAND CROSSING,UNKNOWN,40-49,UNKNOWN,1,6
GREATER GRAND CROSSING,UNKNOWN,UNKNOWN,UNKNOWN,14,593
GREATER GRAND CROSSING,WBH,20-29,M,3,128
GREATER GRAND CROSSING,WBH,30-39,F,1,9
GREATER GRAND CROSSING,WHI,20-29,M,3,340
GREATER GRAND CROSSING,WHI,30-39,M,2,239
GREATER GRAND CROSSING,WHI,40-49,M,3,122
GREATER GRAND CROSSING,WHI,50-59,M,1,88
GREATER GRAND CROSSING,WHI,60-69,M,2,45
GREATER GRAND CROSSING,WWH,0-19,M,2,1716
GREATER GRAND CROSSING,WWH,20-29,F,2,381
GREATER GRAND CROSSING,WWH,20-29,M,5,2923
GREATER GRAND CROSSING,WWH,30-39,M,3,1262
GREATER GRAND CROSSING,WWH,40-49,M,1,463
GREATER GRAND CROSSING,WWH,50-59,F,1,27
GREATER GRAND CROSSING,WWH,50-59,M,1,161
GREATER GRAND CROSSING,WWH,70-79,M,1,13
HEGEWISCH,BLK,20-29,M,6,13644
HEGEWISCH,BLK,30-39,M,4,6563
HEGEWISCH,BLK,40-49,UNKNOWN,1,5
HEGEWISCH,UNKNOWN,20-29,M,1,131
HEGEWISCH,UNKNOWN,UNKNOWN,UNKNOWN,1,593
HEGEWISCH,WHI,0-19,F,1,30
HEGEWISCH,WHI,20-29,F,1,73
HEGEWISCH,WHI,40-49,M,1,122
HEGEWISCH,WHI,50-59,F,1,16
HEGEWISCH,WHI,50-59,M,3,88
HEGEWISCH,WHI,70-79,F,1,6
HEGEWISCH,WHI,70-79,M,1,8
HEGEWISCH,WWH,0-19,M,3,1716
HEGEWISCH,WWH,20-29,F,1,381
HEGEWISCH,WWH,20-29,M,6,2923
HEGEWISCH,WWH,30-39,F,1,165
HEGEWISCH,WWH,30-39,M,4,1262
HEGEWISCH,WWH,40-49,F,1,65
HEGEWISCH,WWH,40-49,M,1,463
HERMOSA,API,20-29,M,2,67
HERMOSA,BLK,0-19,F,1,999
HERMOSA,BLK,0-19,M,6,7161
HERMOSA,BLK,20-29,F,1,1776
HERMOSA,BLK,20-29,M,9,13644
HERMOSA,BLK,30-39,M,8,6563
HERMOSA,UNKNOWN,0-19,F,1,19
HERMOSA,UNKNOWN,20-29,F,1,29
HERMOSA,UNKNOWN,20-29,M,2,131
HERMOSA,UNKNOWN,UNKNOWN,UNKNOWN,5,593
HERMOSA,WBH,0-19,F,1,10
HERMOSA,WBH,0-19,M,1,54
HERMOSA,WBH,20-29,F,1,20
HERMOSA,WBH,20-29,M,3,128
HERMOSA,WBH,30-39,M,3,64
HERMOSA,WHI,0-19,M,1,108
HERMOSA,WHI,20-29,M,4,340
HERMOSA,WHI,30-39,M,3,239
HERMOSA,WWH,0-19,F,9,232
HERMOSA,WWH,0-19,M,40,1716
HERMOSA,WWH,20-29,F,8,381
HERMOSA,WWH,20-29,M,61,2923
HERMOSA,WWH,30-39,M,23,1262
HERMOSA,WWH,40-49,M,10,463
HERMOSA,WWH,50-59,F,1,27
HERMOSA,WWH,50-59,M,4,161
HERMOSA,WWH,60-69,M,2,59
HERMOSA,WWH,70-79,M,1,13
HUMBOLDT PARK,API,0-19,M,1,10
HUMBOLDT PARK,API,20-29,M,2,67
HUMBOLDT PARK,API,30-39,M,2,36
HUMBOLDT PARK,API,50-59,M,1,19
HUMBOLDT PARK,BLK,0-19,F,27,999
HUMBOLDT PARK,BLK,0-19,M,259,7161
HUMBOLDT PARK,BLK,20-29,F,67,1776
HUMBOLDT PARK,BLK,20-29,M,578,13644
HUMBOLDT PARK,BLK,30-39,F,27,862
HUMBOLDT PARK,BLK,30-39,M,301,6563
HUMBOLDT PARK,BLK,40-49,F,8,403
HUMBOLDT PARK,BLK,40-49,M,91,2335
HUMBOLDT PARK,BLK,50-59,F,6,230
HUMBOLDT PARK,BLK,50-59,M,29,1034
HUMBOLDT PARK,BLK,60-69,F,1,91
HUMBOLDT PARK,BLK,60-69,M,11,315
HUMBOLDT PARK,BLK,70-79,F,2,23
HUMBOLDT PARK,BLK,70-79,M,4,68
HUMBOLDT PARK,BLK,UNKNOWN,M,2,47
HUMBOLDT PARK,UNKNOWN,0-19,F,1,19
HUMBOLDT PARK,UNKNOWN,0-19,M,5,74
HUMBOLDT PARK,UNKNOWN,0-19,UNKNOWN,1,19
HUMBOLDT PARK,UNKNOWN,20-29,F,1,29
HUMBOLDT PARK,UNKNOWN,20-29,M,7,131
HUMBOLDT PARK,UNKNOWN,20-29,UNKNOWN,3,21
HUMBOLDT PARK,UNKNOWN,30-39,F,1,16
HUMBOLDT PARK,UNKNOWN,30-39,M,8,63
HUMBOLDT PARK,UNKNOWN,40-49,M,1,20
HUMBOLDT PARK,UNKNOWN,UNKNOWN,UNKNOWN,31,593
HUMBOLDT PARK,WBH,0-19,M,12,54
HUMBOLDT PARK,WBH,20-29,F,2,20
HUMBOLDT PARK,WBH,20-29,M,12,128
HUMBOLDT PARK,WBH,30-39,M,8,64
HUMBOLDT PARK,WBH,40-49,F,1,6
HUMBOLDT PARK,WBH,40-49,M,4,15
HUMBOLDT PARK,WHI,0-19,F,1,30
HUMBOLDT PARK,WHI,0-19,M,1,108
HUMBOLDT PARK,WHI,20-29,F,1,73
HUMBOLDT PARK,WHI,20-29,M,10,340
HUMBOLDT PARK,WHI,30-39,F,5,48
HUMBOLDT PARK,WHI,30-39,M,20,239
HUMBOLDT PARK,WHI,40-49,F,3,26
HUMBOLDT PARK,WHI,40-49,M,5,122
HUMBOLDT PARK,WHI,50-59,F,1,16
HUMBOLDT PARK,WHI,50-59,M,2,88
HUMBOLDT PARK,WHI,60-69,M,1,45
HUMBOLDT PARK,WWH,0-19,F,24,232
HUMBOLDT PARK,WWH,0-19,M,112,1716
HUMBOLDT PARK,WWH,20-29,F,37,381
HUMBOLDT PARK,WWH,20-29,M,193,2923
HUMBOLDT PARK,WWH,30-39,F,16,165
HUMBOLDT PARK,WWH,30-39,M,92,1262
HUMBOLDT PARK,WWH,40-49,F,6,65
HUMBOLDT PARK,WWH,40-49,M,31,463
HUMBOLDT PARK,WWH,50-59,F,2,27
HUMBOLDT PARK,WWH,50-59,M,13,161
HUMBOLDT PARK,WWH,60-69,F,1,6
HUMBOLDT PARK,WWH,60-69,M,6,59
HUMBOLDT PARK,WWH,70-79,M,1,13
HUMBOLDT PARK,WWH,80+,M,1,2
HUMBOLDT PARK,WWH,UNKNOWN,M,2,10
HYDE PARK,API,20-29,M,1,67
HYDE PARK,BLK,0-19,F,1,999
HYDE PARK,BLK,0-19,M,18,7161
HYDE PARK,BLK,20-29,F,6,1776
HYDE PARK,BLK,20-29,M,36,13644
HYDE PARK,BLK,30-39,F,1,862
HYDE PARK,BLK,30-39,M,31,6563
HYDE PARK,BLK,40-49,M,5,2335
HYDE PARK,BLK,50-59,M,5,1034
HYDE PARK,BLK,60-69,M,1,315
HYDE PARK,BLK,70-79,M,1,68
HYDE PARK,UNKNOWN,30-39,M,1,63
HYDE PARK,UNKNOWN,UNKNOWN,UNKNOWN,1,593
HYDE PARK,WHI,50-59,M,1,88
HYDE PARK,WHI,60-69,F,1,10
HYDE PARK,WHI,60-69,M,1,45
HYDE PARK,WWH,0-19,F,1,232
HYDE PARK,WWH,20-29,F,1,381
HYDE PARK,WWH,20-29,M,1,2923
IRVING PARK,API,20-29,M,2,67
IRVING PARK,API,40-49,M,2,16
IRVING PARK,BLK,0-19,M,3,7161
IRVING PARK,BLK,20-29,F,1,1776
IRVING PARK,BLK,20-29,M,9,13644
IRVING PARK,BLK,30-39,F,2,862
IRVING PARK,BLK,30-39,M,5,6563
IRVING PARK,BLK,40-49,M,4,2335
IRVING PARK,BLK,50-59,M,2,1034
IRVING PARK,I,0-19,M,1,3
IRVING PARK,UNKNOWN,0-19,F,1,19
IRVING PARK,UNKNOWN,20-29,M,2,131
IRVING PARK,UNKNOWN,UNKNOWN,UNKNOWN,5,593
IRVING PARK,WBH,0-19,M,2,54
IRVING PARK,WBH,20-29,F,1,20
IRVING PARK,WBH,20-29,M,4,128
IRVING PARK,WBH,30-39,M,1,64
IRVING PARK,WBH,40-49,M,1,15
IRVING PARK,WHI,0-19,F,1,30
IRVING PARK,WHI,0-19,M,5,108
IRVING PARK,WHI,20-29,F,4,73
IRVING PARK,WHI,20-29,M,15,340
IRVING PARK,WHI,30-39,M,8,239
IRVING PARK,WHI,40-49,M,2,122
IRVING PARK,WHI,50-59,M,2,88
IRVING PARK,WHI,60-69,M,1,45
IRVING PARK,WWH,0-19,F,5,232
IRVING PARK,WWH,0-19,M,36,1716
IRVING PARK,WWH,20-29,F,9,381
IRVING PARK,WWH,20-29,M,55,2923
IRVING PARK,WWH,30-39,F,1,165
IRVING PARK,WWH,30-39,M,20,1262
IRVING PARK,WWH,40-49,F,1,65
IRVING PARK,WWH,40-49,M,11,463
IRVING PARK,WWH,50-59,M,4,161
IRVING PARK,WWH,60-69,M,1,59
IRVING PARK,WWH,70-79,M,1,13
JEFFERSON PARK,BLK,30-39,M,1,6563
JEFFERSON PARK,UNKNOWN,0-19,M,1,74
JEFFERSON PARK,UNKNOWN,20-29,F,1,29
JEFFERSON PARK,WHI,0-19,F,1,30
JEFFERSON PARK,WHI,0-19,M,3,108
JEFFERSON PARK,WHI,30-39,M,4,239
JEFFERSON PARK,WHI,40-49,M,2,122
JEFFERSON PARK,WHI,50-59,M,1,88
JEFFERSON PARK,WHI,80+,F,1,3
JEFFERSON PARK,WWH,0-19,M,1,1716
JEFFERSON PARK,WWH,20-29,F,3,381
JEFFERSON PARK,WWH,20-29,M,4,2923
JEFFERSON PARK,WWH,30-39,F,1,165
JEFFERSON PARK,WWH,30-39,M,2,1262
JEFFERSON PARK,WWH,50-59,M,2,161
JEFFERSON PARK,WWH,60-69,M,1,59
KENWOOD,API,30-39,M,1,36
KENWOOD,API,50-59,M,1,19
KENWOOD,BLK,0-19,F,7,999
KENWOOD,BLK,0-19,M,43,7161
KENWOOD,BLK,20-29,F,11,1776
KENWOOD,BLK,20-29,M,66,13644
KENWOOD,BLK,30-39,F,3,862
KENWOOD,BLK,30-39,M,21,6563
KENWOOD,BLK,40-49,F,1,403
KENWOOD,BLK,40-49,M,5,2335
KENWOOD,BLK,50-59,M,4,1034
KENWOOD,BLK,60-69,M,2,315
KENWOOD,BLK,70-79,F,1,23
KENWOOD,BLK,UNKNOWN,F,1,12
KENWOOD,I,60-69,M,1,2
KENWOOD,UNKNOWN,0-19,F,1,19
KENWOOD,UNKNOWN,0-19,M,2,74
KENWOOD,UNKNOWN,20-29,F,1,29
KENWOOD,UNKNOWN,40-49,M,1,20
KENWOOD,UNKNOWN,UNKNOWN,UNKNOWN,3,593
KENWOOD,WHI,0-19,M,1,108
KENWOOD,WHI,40-49,M,1,122
KENWOOD,WWH,20-29,F,1,381
LAKE VIEW,API,20-29,M,1,67
LAKE VIEW,API,30-39,M,1,36
LAKE VIEW,BLK,0-19,M,10,7161
LAKE VIEW,BLK,20-29,F,1,1776
LAKE VIEW,BLK,20-29,M,14,13644
LAKE VIEW,BLK,30-39,F,1,862
LAKE VIEW,BLK,30-39,M,10,6563
LAKE VIEW,BLK,40-49,F,2,403
LAKE VIEW,BLK,40-49,M,2,2335
LAKE VIEW,BLK,50-59,M,2,1034
LAKE VIEW,UNKNOWN,0-19,M,1,74
LAKE VIEW,UNKNOWN,80+,F,1,1
LAKE VIEW,UNKNOWN,UNKNOWN,UNKNOWN,2,593
LAKE VIEW,WBH,20-29,M,2,128
LAKE VIEW,WHI,0-19,M,2,108
LAKE VIEW,WHI,20-29,F,3,73
LAKE VIEW,WHI,20-29,M,6,340
LAKE VIEW,WHI,30-39,F,1,48
LAKE VIEW,WHI,30-39,M,3,239
LAKE VIEW,WHI,40-49,M,1,122
LAKE VIEW,WHI,50-59,M,2,88
LAKE VIEW,WHI,70-79,F,1,6
LAKE VIEW,WHI,80+,M,1,5
LAKE VIEW,WWH,0-19,M,1,1716
LAKE VIEW,WWH,20-29,F,1,381
LAKE VIEW,WWH,20-29,M,18,2923
LAKE VIEW,WWH,30-39,F,1,165
LAKE VIEW,WWH,30-39,M,5,1262
LAKE VIEW,WWH,40-49,M,1,463
LAKE VIEW,WWH,50-59,M,1,161
LINCOLN PARK,API,20-29,M,2,67
LINCOLN PARK,BLK,0-19,F,1,999
LINCOLN PARK,BLK,0-19,M,3,7161
LINCOLN PARK,BLK,20-29,F,8,1776
LINCOLN PARK,BLK,20-29,M,14,13644
LINCOLN PARK,BLK,30-39,M,8,6563
LINCOLN PARK,BLK,40-49,M,4,2335
LINCOLN PARK,BLK,50-59,M,1,1034
LINCOLN PARK,UNKNOWN,UNKNOWN,UNKNOWN,2,593
LINCOLN PARK,WBH,40-49,M,1,15
LINCOLN PARK,WHI,0-19,M,2,108
LINCOLN PARK,WHI,20-29,F,2,73
LINCOLN PARK,WHI,20-29,M,1,340
LINCOLN PARK,WHI,30-39,M,1,239
LINCOLN PARK,WHI,50-59,M,1,88
LINCOLN PARK,WHI,60-69,F,2,10
LINCOLN PARK,WWH,0-19,F,1,232
LINCOLN PARK,WWH,20-29,F,3,381
LINCOLN PARK,WWH,20-29,M,17,2923
LINCOLN PARK,WWH,20-29,UNKNOWN,2,4
LINCOLN PARK,WWH,30-39,F,3,165
LINCOLN PARK,WWH,30-39,M,2,1262
LINCOLN PARK,WWH,40-49,F,1,65
LINCOLN PARK,WWH,40-49,M,1,463
LINCOLN PARK,WWH,50-59,M,1,161
LINCOLN PARK,WWH,60-69,M,1,59
LINCOLN SQUARE,API,30-39,M,2,36
LINCOLN SQUARE,API,50-59,M,2,19
LINCOLN SQUARE,BLK,0-19,M,2,7161
LINCOLN SQUARE,BLK,20-29,M,4,13644
LINCOLN SQUARE,BLK,30-39,M,2,6563
LINCOLN SQUARE,WBH,0-19,M,1,54
LINCOLN SQUARE,WHI,0-19,M,1,108
LINCOLN SQUARE,WHI,20-29,M,2,340
LINCOLN SQUARE,WHI,30-39,M,2,239
LINCOLN SQUARE,WHI,40-49,F,1,26
LINCOLN SQUARE,WHI,40-49,M,1,122
LINCOLN SQUARE,WWH,0-19,F,1,232
LINCOLN SQUARE,WWH,0-19,M,5,1716
LINCOLN SQUARE,WWH,20-29,F,5,381
LINCOLN SQUARE,WWH,20-29,M,12,2923
LINCOLN SQUARE,WWH,30-39,F,3,165
LINCOLN SQUARE,WWH,30-39,M,1,1262
LINCOLN SQUARE,WWH,40-49,M,3,463
LINCOLN SQUARE,WWH,50-59,M,1,161
LOGAN SQUARE,API,20-29,M,2,67
LOGAN SQUARE,BLK,0-19,F,1,999
LOGAN SQUARE,BLK,0-19,M,11,7161
LOGAN SQUARE,BLK,20-29,F,7,1776
LOGAN SQUARE,BLK,20-29,M,30,13644
LOGAN SQUARE,BLK,30-39,F,3,862
LOGAN SQUARE,BLK,30-39,M,16,6563
LOGAN SQUARE,BLK,40-49,M,2,2335
LOGAN SQUARE,BLK,50-59,M,3,1034
LOGAN SQUARE,BLK,60-69,F,1,91
LOGAN SQUARE,UNKNOWN,0-19,M,1,74
LOGAN SQUARE,UNKNOWN,20-29,M,4,131
LOGAN SQUARE,UNKNOWN,40-49,M,1,20
LOGAN SQUARE,UNKNOWN,UNKNOWN,UNKNOWN,5,593
LOGAN SQUARE,WBH,0-19,F,1,10
LOGAN SQUARE,WBH,20-29,F,2,20
LOGAN SQUARE,WBH,20-29,M,4,128
LOGAN SQUARE,WBH,30-39,F,1,9
LOGAN SQUARE,WBH,30-39,M,4,64
LOGAN SQUARE,WHI,0-19,M,3,108
LOGAN SQUARE,WHI,20-29,F,7,73
LOGAN SQUARE,WHI,20-29,M,7,340
LOGAN SQUARE,WHI,30-39,F,3,48
LOGAN SQUARE,WHI,30-39,M,5,239
LOGAN SQUARE,WHI,40-49,F,1,26
LOGAN SQUARE,WHI,40-49,M,4,122
LOGAN SQUARE,WHI,50-59,F,1,16
LOGAN SQUARE,WHI,50-59,M,4,88
LOGAN SQUARE,WHI,60-69,M,2,45
LOGAN SQUARE,WWH,0-19,F,9,232
LOGAN SQUARE,WWH,0-19,M,40,1716
LOGAN SQUARE,WWH,20-29,F,15,381
LOGAN SQUARE,WWH,20-29,M,108,2923
LOGAN SQUARE,WWH,30-39,F,6,165
LOGAN SQUARE,WWH,30-39,M,44,1262
LOGAN SQUARE,WWH,40-49,F,3,65
LOGAN SQUARE,WWH,40-49,M,12,463
LOGAN SQUARE,WWH,50-59,M,4,161
LOGAN SQUARE,WWH,60-69,M,2,59
LOGAN SQUARE,WWH,70-79,M,1,13
LOOP,API,30-39,M,1,36
LOOP,BLK,0-19,F,4,999
LOOP,BLK,0-19,M,20,7161
LOOP,BLK,20-29,F,7,1776
LOOP,BLK,20-29,M,42,13644
LOOP,BLK,30-39,F,4,862
LOOP,BLK,30-39,M,21,6563
LOOP,BLK,40-49,M,6,2335
LOOP,BLK,50-59,M,6,1034
LOOP,BLK,60-69,F,1,91
LOOP,UNKNOWN,0-19,F,1,19
LOOP,UNKNOWN,40-49,M,1,20
LOOP,UNKNOWN,UNKNOWN,UNKNOWN,3,593
LOOP,WBH,30-39,M,1,64
LOOP,WHI,20-29,F,1,73
LOOP,WHI,20-29,M,3,340
LOOP,WHI,30-39,F,1,48
LOOP,WHI,30-39,M,1,239
LOOP,WHI,40-49,M,2,122
LOOP,WHI,50-59,M,4,88
LOOP,WWH,0-19,F,2,232
LOOP,WWH,0-19,M,3,1716
LOOP,WWH,20-29,F,2,381
LOOP,WWH,20-29,M,10,2923
LOOP,WWH,30-39,M,4,1262
LOOP,WWH,40-49,F,1,65
LOOP,WWH,40-49,M,1,463
LOOP,WWH,UNKNOWN,M,1,10
LOWER WEST SIDE,API,20-29,M,1,67
LOWER WEST SIDE,BLK,0-19,M,7,7161
LOWER WEST SIDE,BLK,20-29,F,4,1776
LOWER WEST SIDE,BLK,20-29,M,21,13644
LOWER WEST SIDE,BLK,30-39,M,11,6563
LOWER WEST SIDE,BLK,40-49,M,3,2335
LOWER WEST SIDE,BLK,50-59,M,1,1034
LOWER WEST SIDE,I,20-29,F,1,4
LOWER WEST SIDE,UNKNOWN,0-19,UNKNOWN,1,19
LOWER WEST SIDE,UNKNOWN,40-49,M,1,20
LOWER WEST SIDE,UNKNOWN,UNKNOWN,UNKNOWN,9,593
LOWER WEST SIDE,WBH,0-19,M,1,54
LOWER WEST SIDE,WBH,20-29,M,5,128
LOWER WEST SIDE,WBH,30-39,M,3,64
LOWER WEST SIDE,WBH,40-49,F,1,6
LOWER WEST SIDE,WHI,0-19,M,2,108
LOWER WEST SIDE,WHI,20-29,F,3,73
LOWER WEST SIDE,WHI,20-29,M,18,340
LOWER WEST SIDE,WHI,30-39,F,1,48
LOWER WEST SIDE,WHI,30-39,M,5,239
LOWER WEST SIDE,WHI,40-49,M,3,122
LOWER WEST SIDE,WWH,0-19,F,11,232
LOWER WEST SIDE,WWH,0-19,M,110,1716
LOWER WEST SIDE,WWH,20-29,F,22,381
LOWER WEST SIDE,WWH,20-29,M,198,2923
LOWER WEST SIDE,WWH,30-39,F,14,165
LOWER WEST SIDE,WWH,30-39,M,96,1262
LOWER WEST SIDE,WWH,40-49,F,6,65
LOWER WEST SIDE,WWH,40-49,M,35,463
LOWER WEST SIDE,WWH,50-59,M,15,161
LOWER WEST SIDE,WWH,60-69,M,3,59
LOWER WEST SIDE,WWH,70-79,M,1,13
LOWER WEST SIDE,WWH,80+,F,1,1
MCKINLEY PARK,API,20-29,F,1,7
MCKINLEY PARK,BLK,0-19,M,3,7161
MCKINLEY PARK,BLK,20-29,F,1,1776
MCKINLEY PARK,BLK,20-29,M,8,13644
MCKINLEY PARK,BLK,30-39,F,1,862
MCKINLEY PARK,BLK,30-39,M,2,6563
MCKINLEY PARK,BLK,40-49,M,1,2335
MCKINLEY PARK,UNKNOWN,30-39,M,1,63
MCKINLEY PARK,UNKNOWN,UNKNOWN,UNKNOWN,1,593
MCKINLEY PARK,WBH,20-29,M,1,128
MCKINLEY PARK,WHI,0-19,F,1,30
MCKINLEY PARK,WHI,0-19,M,3,108
MCKINLEY PARK,WHI,20-29,F,1,73
MCKINLEY PARK,WHI,20-29,M,7,340
MCKINLEY PARK,WHI,30-39,F,1,48
MCKINLEY PARK,WHI,30-39,M,7,239
MCKINLEY PARK,WHI,40-49,F,1,26
MCKINLEY PARK,WHI,40-49,M,1,122
MCKINLEY PARK,WHI,50-59,M,1,88
MCKINLEY PARK,WHI,60-69,M,1,45
MCKINLEY PARK,WWH,0-19,F,3,232
MCKINLEY PARK,WWH,0-19,M,24,1716
MCKINLEY PARK,WWH,20-29,F,4,381
MCKINLEY PARK,WWH,20-29,M,38,2923
MCKINLEY PARK,WWH,30-39,F,1,165
MCKINLEY PARK,WWH,30-39,M,14,1262
MCKINLEY PARK,WWH,40-49,F,1,65
MCKINLEY PARK,WWH,40-49,M,5,463
MCKINLEY PARK,WWH,60-69,F,1,6
MONTCLARE,BLK,20-29,M,1,13644
MONTCLARE,BLK,30-39,M,2,6563
MONTCLARE,BLK,50-59,F,1,230
MONTCLARE,UNKNOWN,UNKNOWN,UNKNOWN,1,593
MONTCLARE,WBH,20-29,F,1,20
MONTCLARE,WBH,20-29,M,1,128
MONTCLARE,WHI,0-19,M,1,108
MONTCLARE,WHI,20-29,F,2,73
MONTCLARE,WHI,20-29,M,1,340
MONTCLARE,WHI,30-39,M,1,239
MONTCLARE,WHI,50-59,M,1,88
MONTCLARE,WWH,0-19,F,2,232
MONTCLARE,WWH,0-19,M,5,1716
MONTCLARE,WWH,20-29,F,2,381
MONTCLARE,WWH,20-29,M,9,2923
MONTCLARE,WWH,30-39,M,8,1262
MONTCLARE,WWH,40-49,M,1,463
MORGAN PARK,BLK,0-19,F,16,999
MORGAN PARK,BLK,0-19,M,72,7161
MORGAN PARK,BLK,20-29,F,14,1776
MORGAN PARK,BLK,20-29,M,120,13644
MORGAN PARK,BLK,30-39,F,4,862
MORGAN PARK,BLK,30-39,M,51,6563
MORGAN PARK,BLK,40-49,F,5,403
MORGAN PARK,BLK,40-49,M,22,2335
MORGAN PARK,BLK,50-59,M,5,1034
MORGAN PARK,BLK,60-69,F,3,91
MORGAN PARK,BLK,60-69,M,6,315
MORGAN PARK,BLK,70-79,F,1,23
MORGAN PARK,BLK,70-79,M,1,68
MORGAN PARK,BLK,80+,F,1,14
MORGAN PARK,BLK,80+,M,1,21
MORGAN PARK,BLK,UNKNOWN,F,2,12
MORGAN PARK,BLK,UNKNOWN,M,1,47
MORGAN PARK,UNKNOWN,0-19,M,1,74
MORGAN PARK,UNKNOWN,30-39,UNKNOWN,1,5
MORGAN PARK,UNKNOWN,UNKNOWN,UNKNOWN,7,593
MORGAN PARK,WBH,20-29,M,1,128
MORGAN PARK,WHI,20-29,M,1,340
MORGAN PARK,WHI,30-39,M,1,239
MORGAN PARK,WHI,40-49,M,2,122
MORGAN PARK,WHI,70-79,M,1,8
MORGAN PARK,WWH,20-29,M,2,2923
MOUNT GREENWOOD,BLK,20-29,M,1,13644
MOUNT GREENWOOD,BLK,50-59,F,1,230
MOUNT GREENWOOD,UNKNOWN,UNKNOWN,UNKNOWN,1,593
MOUNT GREENWOOD,WHI,20-29,M,1,340
NEAR NORTH SIDE,API,20-29,F,3,7
NEAR NORTH SIDE,API,20-29,M,3,67
NEAR NORTH SIDE,API,30-39,M,1,36
NEAR NORTH SIDE,API,40-49,M,1,16
NEAR NORTH SIDE,BLK,0-19,F,2,999
NEAR NORTH SIDE,BLK,0-19,M,32,7161
NEAR NORTH SIDE,BLK,20-29,F,25,1776
NEAR NORTH SIDE,BLK,20-29,M,136,13644
NEAR NORTH SIDE,BLK,30-39,F,5,862
NEAR NORTH SIDE,BLK,30-39,M,64,6563
NEAR NORTH SIDE,BLK,40-49,F,3,403
NEAR NORTH SIDE,BLK,40-49,M,27,2335
NEAR NORTH SIDE,BLK,50-59,F,1,230
NEAR NORTH SIDE,BLK,50-59,M,5,1034
NEAR NORTH SIDE,BLK,60-69,F,1,91
NEAR NORTH SIDE,BLK,60-69,M,2,315
NEAR NORTH SIDE,BLK,UNKNOWN,M,3,47
NEAR NORTH SIDE,UNKNOWN,0-19,M,1,74
NEAR NORTH SIDE,UNKNOWN,0-19,UNKNOWN,1,19
NEAR NORTH SIDE,UNKNOWN,20-29,F,1,29
NEAR NORTH SIDE,UNKNOWN,20-29,M,1,131
NEAR NORTH SIDE,UNKNOWN,20-29,UNKNOWN,1,21
NEAR NORTH SIDE,UNKNOWN,30-39,M,1,63
NEAR NORTH SIDE,UNKNOWN,UNKNOWN,UNKNOWN,6,593
NEAR NORTH SIDE,WBH,0-19,M,1,54
NEAR NORTH SIDE,WBH,20-29,M,1,128
NEAR NORTH SIDE,WHI,0-19,M,1,108
NEAR NORTH SIDE,WHI,20-29,F,7,73
NEAR NORTH SIDE,WHI,20-29,M,10,340
NEAR NORTH SIDE,WHI,30-39,M,5,239
NEAR NORTH SIDE,WHI,40-49,M,4,122
NEAR NORTH SIDE,WHI,50-59,F,1,16
NEAR NORTH SIDE,WHI,50-59,M,7,88
NEAR NORTH SIDE,WHI,60-69,F,1,10
NEAR NORTH SIDE,WHI,70-79,M,2,8
NEAR NORTH SIDE,WHI,80+,F,1,3
NEAR NORTH SIDE,WWH,0-19,M,4,1716
NEAR NORTH SIDE,WWH,20-29,F,6,381
NEAR NORTH SIDE,WWH,20-29,M,22,2923
NEAR NORTH SIDE,WWH,30-39,M,20,1262
NEAR NORTH SIDE,WWH,40-49,M,1,463
NEAR NORTH SIDE,WWH,50-59,M,1,161
NEAR NORTH SIDE,WWH,60-69,F,1,6
NEAR NORTH SIDE,WWH,UNKNOWN,M,1,10
NEAR SOUTH SIDE,API,30-39,M,1,36
NEAR SOUTH SIDE,BLK,0-19,F,1,999
NEAR SOUTH SIDE,BLK,0-19,M,12,7161
NEAR SOUTH SIDE,BLK,20-29,F,3,1776
NEAR SOUTH SIDE,BLK,20-29,M,27,13644
NEAR SOUTH SIDE,BLK,30-39,F,4,862
NEAR SOUTH SIDE,BLK,30-39,M,26,6563
NEAR SOUTH SIDE,BLK,40-49,M,8,2335
NEAR SOUTH SIDE,BLK,50-59,M,1,1034
NEAR SOUTH SIDE,BLK,UNKNOWN,M,1,47
NEAR SOUTH SIDE,UNKNOWN,0-19,M,1,74
NEAR SOUTH SIDE,UNKNOWN,20-29,M,1,131
NEAR SOUTH SIDE,UNKNOWN,UNKNOWN,UNKNOWN,2,593
NEAR SOUTH SIDE,WBH,20-29,F,1,20
NEAR SOUTH SIDE,WBH,40-49,M,1,15
NEAR SOUTH SIDE,WHI,20-29,F,1,73
NEAR SOUTH SIDE,WHI,20-29,M,1,340
NEAR SOUTH SIDE,WHI,30-39,M,1,239
NEAR SOUTH SIDE,WHI,40-49,M,3,122
NEAR SOUTH SIDE,WHI,50-59,M,1,88
NEAR SOUTH SIDE,WHI,60-69,M,1,45
NEAR SOUTH SIDE,WWH,0-19,F,1,232
NEAR SOUTH SIDE,WWH,0-19,M,5,1716
NEAR SOUTH SIDE,WWH,20-29,F,1,381
NEAR SOUTH SIDE,WWH,20-29,M,6,2923
NEAR SOUTH SIDE,WWH,30-39,F,1,165
NEAR SOUTH SIDE,WWH,30-39,M,2,1262
NEAR SOUTH SIDE,WWH,40-49,F,1,65
NEAR SOUTH SIDE,WWH,40-49,M,1,463
NEAR SOUTH SIDE,WWH,50-59,M,2,161
NEAR WEST SIDE,API,0-19,F,1,3
NEAR WEST SIDE,API,30-39,F,1,3
NEAR WEST SIDE,API,50-59,M,2,19
NEAR WEST SIDE,API,60-69,M,2,3
NEAR WEST SIDE,BLK,0-19,F,15,999
NEAR WEST SIDE,BLK,0-19,M,161,7161
NEAR WEST SIDE,BLK,20-29,F,50,1776
NEAR WEST SIDE,BLK,20-29,M,334,13644
NEAR WEST SIDE,BLK,30-39,F,12,862
NEAR WEST SIDE,BLK,30-39,M,145,6563
NEAR WEST SIDE,BLK,40-49,F,9,403
NEAR WEST SIDE,BLK,40-49,M,57,2335
NEAR WEST SIDE,BLK,50-59,F,1,230
NEAR WEST SIDE,BLK,50-59,M,24,1034
NEAR WEST SIDE,BLK,60-69,M,6,315
NEAR WEST SIDE,BLK,70-79,M,3,68
NEAR WEST SIDE,UNKNOWN,0-19,M,2,74
NEAR WEST SIDE,UNKNOWN,20-29,UNKNOWN,3,21
NEAR WEST SIDE,UNKNOWN,30-39,M,1,63
NEAR WEST SIDE,UNKNOWN,40-49,UNKNOWN,1,6
NEAR WEST SIDE,UNKNOWN,60-69,M,1,2
NEAR WEST SIDE,UNKNOWN,UNKNOWN,M,1,4
NEAR WEST SIDE,UNKNOWN,UNKNOWN,UNKNOWN,12,593
NEAR WEST SIDE,WBH,0-19,M,1,54
NEAR WEST SIDE,WBH,20-29,F,1,20
NEAR WEST SIDE,WBH,20-29,M,1,128
NEAR WEST SIDE,WBH,30-39,M,2,64
NEAR WEST SIDE,WBH,40-49,M,3,15
NEAR WEST SIDE,WHI,0-19,M,1,108
NEAR WEST SIDE,WHI,20-29,F,3,73
NEAR WEST SIDE,WHI,20-29,M,7,340
NEAR WEST SIDE,WHI,30-39,F,1,48
NEAR WEST SIDE,WHI,30-39,M,8,239
NEAR WEST SIDE,WHI,40-49,F,1,26
NEAR WEST SIDE,WHI,40-49,M,4,122
NEAR WEST SIDE,WHI,60-69,M,1,45
NEAR WEST SIDE,WWH,0-19,F,2,232
NEAR WEST SIDE,WWH,0-19,M,12,1716
NEAR WEST SIDE,WWH,20-29,F,4,381
NEAR WEST SIDE,WWH,20-29,M,36,2923
NEAR WEST SIDE,WWH,30-39,F,2,165
NEAR WEST SIDE,WWH,30-39,M,14,1262
NEAR WEST SIDE,WWH,40-49,M,6,463
NEAR WEST SIDE,WWH,50-59,M,3,161
NEAR WEST SIDE,WWH,60-69,F,1,6
NEAR WEST SIDE,WWH,60-69,M,1,59
NEW CITY,API,0-19,M,1,10
NEW CITY,API,20-29,F,1,7
NEW CITY,API,20-29,M,2,67
NEW CITY,API,30-39,M,2,36
NEW CITY,BLK,0-19,F,27,999
NEW CITY,BLK,0-19,M,149,7161
NEW CITY,BLK,20-29,F,43,1776
NEW CITY,BLK,20-29,M,297,13644
NEW CITY,BLK,30-39,F,23,862
NEW CITY,BLK,30-39,M,147,6563
NEW CITY,BLK,40-49,F,17,403
NEW CITY,BLK,40-49,M,50,2335
NEW CITY,BLK,50-59,F,4,230
NEW CITY,BLK,50-59,M,22,1034
NEW CITY,BLK,60-69,F,2,91
NEW CITY,BLK,60-69,M,7,315
NEW CITY,BLK,70-79,M,2,68
NEW CITY,BLK,UNKNOWN,M,3,47
NEW CITY,I,30-39,M,1,1
NEW CITY,UNKNOWN,0-19,M,2,74
NEW CITY,UNKNOWN,20-29,M,7,131
NEW CITY,UNKNOWN,20-29,UNKNOWN,1,21
NEW CITY,UNKNOWN,30-39,M,1,63
NEW CITY,UNKNOWN,30-39,UNKNOWN,1,5
NEW CITY,UNKNOWN,UNKNOWN,UNKNOWN,12,593
NEW CITY,WBH,0-19,M,1,54
NEW CITY,WBH,20-29,F,2,20
NEW CITY,WBH,20-29,M,7,128
NEW CITY,WBH,30-39,F,1,9
NEW CITY,WBH,30-39,M,3,64
NEW CITY,WBH,40-49,M,1,15
NEW CITY,WHI,0-19,F,3,30
NEW CITY,WHI,0-19,M,18,108
NEW CITY,WHI,20-29,F,3,73
NEW CITY,WHI,20-29,M,24,340
NEW CITY,WHI,30-39,F,1,48
NEW CITY,WHI,30-39,M,7,239
NEW CITY,WHI,40-49,F,2,26
NEW CITY,WHI,40-49,M,4,122
NEW CITY,WHI,50-59,F,1,16
NEW CITY,WHI,50-59,M,3,88
NEW CITY,WHI,60-69,M,3,45
NEW CITY,WHI,80+,M,1,5
NEW CITY,WHI,UNKNOWN,M,2,10
NEW CITY,WWH,0-19,F,17,232
NEW CITY,WWH,0-19,M,157,1716
NEW CITY,WWH,20-29,F,28,381
NEW CITY,WWH,20-29,M,215,2923
NEW CITY,WWH,20-29,UNKNOWN,1,4
NEW CITY,WWH,30-39,F,10,165
NEW CITY,WWH,30-39,M,104,1262
NEW CITY,WWH,40-49,F,3,65
NEW CITY,WWH,40-49,M,37,463
NEW CITY,WWH,50-59,F,4,27
NEW CITY,WWH,50-59,M,13,161
NEW CITY,WWH,60-69,F,1,6
NEW CITY,WWH,60-69,M,4,59
NEW CITY,WWH,UNKNOWN,M,1,10
NORTH CENTER,API,0-19,M,1,10
NORTH CENTER,API,30-39,M,2,36
NORTH CENTER,BLK,20-29,F,1,1776
NORTH CENTER,BLK,20-29,M,4,13644
NORTH CENTER,BLK,30-39,M,1,6563
NORTH CENTER,BLK,40-49,M,1,2335
NORTH CENTER,UNKNOWN,UNKNOWN,UNKNOWN,2,593
NORTH CENTER,WBH,20-29,M,1,128
NORTH CENTER,WHI,20-29,M,2,340
NORTH CENTER,WHI,30-39,M,3,239
NORTH CENTER,WHI,50-59,M,1,88
NORTH CENTER,WWH,0-19,M,3,1716
NORTH CENTER,WWH,20-29,F,1,381
NORTH CENTER,WWH,20-29,M,7,2923
NORTH CENTER,WWH,30-39,M,1,1262
NORTH LAWNDALE,API,20-29,M,2,67
NORTH LAWNDALE,API,30-39,M,1,36
NORTH LAWNDALE,API,40-49,F,1,3
NORTH LAWNDALE,API,50-59,M,1,19
NORTH LAWNDALE,BLK,0-19,F,60,999
NORTH LAWNDALE,BLK,0-19,M,507,7161
NORTH LAWNDALE,BLK,20-29,F,105,1776
NORTH LAWNDALE,BLK,20-29,M,807,13644
NORTH LAWNDALE,BLK,30-39,F,73,862
NORTH LAWNDALE,BLK,30-39,M,396,6563
NORTH LAWNDALE,BLK,40-49,F,20,403
NORTH LAWNDALE,BLK,40-49,M,109,2335
NORTH LAWNDALE,BLK,50-59,F,10,230
NORTH LAWNDALE,BLK,50-59,M,46,1034
NORTH LAWNDALE,BLK,60-69,F,3,91
NORTH LAWNDALE,BLK,60-69,M,16,315
NORTH LAWNDALE,BLK,70-79,M,7,68
NORTH LAWNDALE,BLK,80+,F,1,14
NORTH LAWNDALE,BLK,80+,M,2,21
NORTH LAWNDALE,BLK,UNKNOWN,F,1,12
NORTH LAWNDALE,BLK,UNKNOWN,M,2,47
NORTH LAWNDALE,UNKNOWN,0-19,F,2,19
NORTH LAWNDALE,UNKNOWN,0-19,M,5,74
NORTH LAWNDALE,UNKNOWN,20-29,F,1,29
NORTH LAWNDALE,UNKNOWN,20-29,M,8,131
NORTH LAWNDALE,UNKNOWN,20-29,UNKNOWN,1,21
NORTH LAWNDALE,UNKNOWN,30-39,M,5,63
NORTH LAWNDALE,UNKNOWN,40-49,UNKNOWN,1,6
NORTH LAWNDALE,UNKNOWN,50-59,M,3,8
NORTH LAWNDALE,UNKNOWN,60-69,F,1,1
NORTH LAWNDALE,UNKNOWN,UNKNOWN,UNKNOWN,27,593
NORTH LAWNDALE,WBH,20-29,F,1,20
NORTH LAWNDALE,WBH,20-29,M,6,128
NORTH LAWNDALE,WBH,30-39,F,1,9
NORTH LAWNDALE,WBH,30-39,M,3,64
NORTH LAWNDALE,WHI,0-19,F,1,30
NORTH LAWNDALE,WHI,0-19,M,1,108
NORTH LAWNDALE,WHI,20-29,F,1,73
NORTH LAWNDALE,WHI,20-29,M,4,340
NORTH LAWNDALE,WHI,30-39,F,3,48
NORTH LAWNDALE,WHI,30-39,M,6,239
NORTH LAWNDALE,WHI,40-49,F,1,26
NORTH LAWNDALE,WHI,40-49,M,4,122
NORTH LAWNDALE,WHI,60-69,M,1,45
NORTH LAWNDALE,WHI,UNKNOWN,M,1,10
NORTH LAWNDALE,WWH,0-19,F,3,232
NORTH LAWNDALE,WWH,0-19,M,7,1716
NORTH LAWNDALE,WWH,20-29,F,2,381
NORTH LAWNDALE,WWH,20-29,M,28,2923
NORTH LAWNDALE,WWH,30-39,F,1,165
NORTH LAWNDALE,WWH,30-39,M,12,1262
NORTH LAWNDALE,WWH,40-49,F,1,65
NORTH LAWNDALE,WWH,40-49,M,11,463
NORTH LAWNDALE,WWH,50-59,F,1,27
NORTH LAWNDALE,WWH,60-69,M,2,59
NORTH PARK,API,0-19,M,1,10
NORTH PARK,API,40-49,M,1,16
NORTH PARK,BLK,0-19,F,1,999
NORTH PARK,BLK,0-19,M,1,7161
NORTH PARK,BLK,20-29,M,4,13644
NORTH PARK,BLK,30-39,M,3,6563
NORTH PARK,BLK,40-49,M,2,2335
NORTH PARK,WBH,20-29,M,1,128
NORTH PARK,WHI,20-29,M,4,340
NORTH PARK,WHI,30-39,F,2,48
NORTH PARK,WHI,30-39,M,1,239
NORTH PARK,WWH,0-19,F,1,232
NORTH PARK,WWH,0-19,M,6,1716
NORTH PARK,WWH,20-29,M,7,2923
NORTH PARK,WWH,30-39,F,1,165
NORTH PARK,WWH,30-39,M,4,1262
NORTH PARK,WWH,40-49,M,3,463
NORTH PARK,WWH,50-59,M,1,161
NORWOOD PARK,API,20-29,M,1,67
NORWOOD PARK,API,30-39,M,1,36
NORWOOD PARK,WBH,20-29,M,1,128
NORWOOD PARK,WHI,0-19,M,1,108
NORWOOD PARK,WHI,20-29,M,1,340
NORWOOD PARK,WHI,30-39,M,1,239
NORWOOD PARK,WHI,40-49,M,3,122
NORWOOD PARK,WHI,70-79,M,1,8
NORWOOD PARK,WWH,0-19,M,1,1716
NORWOOD PARK,WWH,20-29,F,1,381
NORWOOD PARK,WWH,30-39,F,1,165
NORWOOD PARK,WWH,40-49,M,2,463
OAKLAND,BLK,0-19,F,6,999
OAKLAND,BLK,0-19,M,24,7161
OAKLAND,BLK,20-29,F,7,1776
OAKLAND,BLK,20-29,M,39,13644
OAKLAND,BLK,30-39,F,4,862
OAKLAND,BLK,30-39,M,18,6563
OAKLAND,BLK,40-49,F,4,403
OAKLAND,BLK,40-49,M,6,2335
OAKLAND,BLK,50-59,M,2,1034
OAKLAND,BLK,60-69,F,1,91
OAKLAND,BLK,60-69,M,1,315
OAKLAND,UNKNOWN,40-49,M,1,20
OAKLAND,UNKNOWN,UNKNOWN,M,1,4
OAKLAND,UNKNOWN,UNKNOWN,UNKNOWN,1,593
OAKLAND,WWH,0-19,M,1,1716
OHARE,BLK,20-29,M,1,13644
OHARE,WHI,20-29,M,1,340
OHARE,WHI,30-39,M,1,239
OHARE,WHI,40-49,M,1,122
OHARE,WHI,50-59,F,1,16
PORTAGE PARK,API,20-29,M,1,67
PORTAGE PARK,API,30-39,F,1,3
PORTAGE PARK,BLK,0-19,F,1,999
PORTAGE PARK,BLK,0-19,M,3,7161
PORTAGE PARK,BLK,20-29,M,9,13644
PORTAGE PARK,BLK,30-39,M,2,6563
PORTAGE PARK,BLK,60-69,F,1,91
PORTAGE PARK,UNKNOWN,20-29,M,1,131
PORTAGE PARK,UNKNOWN,30-39,M,1,63
PORTAGE PARK,UNKNOWN,UNKNOWN,UNKNOWN,4,593
PORTAGE PARK,WBH,20-29,M,3,128
PORTAGE PARK,WBH,30-39,M,1,64
PORTAGE PARK,WHI,0-19,F,1,30
PORTAGE PARK,WHI,0-19,M,3,108
PORTAGE PARK,WHI,20-29,M,9,340
PORTAGE PARK,WHI,30-39,M,10,239
PORTAGE PARK,WHI,40-49,M,3,122
PORTAGE PARK,WHI,50-59,M,2,88
PORTAGE PARK,WHI,60-69,F,1,10
PORTAGE PARK,WHI,60-69,M,1,45
PORTAGE PARK,WHI,70-79,M,1,8
PORTAGE PARK,WHI,UNKNOWN,M,1,10
PORTAGE PARK,WWH,0-19,F,3,232
PORTAGE PARK,WWH,0-19,M,21,1716
PORTAGE PARK,WWH,20-29,F,6,381
PORTAGE PARK,WWH,20-29,M,60,2923
PORTAGE PARK,WWH,30-39,F,3,165
PORTAGE PARK,WWH,30-39,M,20,1262
PORTAGE PARK,WWH,40-49,M,9,463
PORTAGE PARK,WWH,50-59,M,1,161
PORTAGE PARK,WWH,60-69,M,1,59
PULLMAN,API,50-59,F,1,2
PULLMAN,BLK,0-19,F,2,999
PULLMAN,BLK,0-19,M,18,7161
PULLMAN,BLK,20-29,F,8,1776
PULLMAN,BLK,20-29,M,59,13644
PULLMAN,BLK,30-39,F,3,862
PULLMAN,BLK,30-39,M,33,6563
PULLMAN,BLK,40-49,F,2,403
PULLMAN,BLK,40-49,M,18,2335
PULLMAN,BLK,50-59,M,3,1034
PULLMAN,BLK,60-69,M,3,315
PULLMAN,BLK,80+,M,1,21
PULLMAN,UNKNOWN,0-19,UNKNOWN,1,19
PULLMAN,UNKNOWN,20-29,M,1,131
PULLMAN,UNKNOWN,UNKNOWN,UNKNOWN,3,593
PULLMAN,WBH,0-19,M,1,54
PULLMAN,WHI,0-19,M,1,108
PULLMAN,WWH,30-39,M,1,1262
PULLMAN,WWH,40-49,M,1,463
PULLMAN,WWH,50-59,M,1,161
RIVERDALE,BLK,0-19,F,5,999
RIVERDALE,BLK,0-19,M,88,7161
RIVERDALE,BLK,20-29,F,15,1776
RIVERDALE,BLK,20-29,M,113,13644
RIVERDALE,BLK,30-39,F,12,862
RIVERDALE,BLK,30-39,M,64,6563
RIVERDALE,BLK,40-49,F,2,403
RIVERDALE,BLK,40-49,M,38,2335
RIVERDALE,BLK,50-59,F,5,230
RIVERDALE,BLK,50-59,M,4,1034
RIVERDALE,BLK,60-69,F,4,91
RIVERDALE,BLK,60-69,M,1,315
RIVERDALE,BLK,70-79,M,1,68
RIVERDALE,BLK,UNKNOWN,F,1,12
RIVERDALE,UNKNOWN,0-19,M,3,74
RIVERDALE,UNKNOWN,20-29,M,2,131
RIVERDALE,UNKNOWN,30-39,M,1,63
RIVERDALE,UNKNOWN,UNKNOWN,UNKNOWN,6,593
RIVERDALE,WBH,20-29,M,1,128
RIVERDALE,WHI,20-29,M,2,340
RIVERDALE,WHI,30-39,F,1,48
RIVERDALE,WHI,30-39,M,1,239
RIVERDALE,WHI,40-49,M,1,122
RIVERDALE,WHI,UNKNOWN,M,1,10
RIVERDALE,WWH,20-29,M,1,2923
RIVERDALE,WWH,30-39,M,1,1262
ROGERS PARK,API,0-19,M,1,10
ROGERS PARK,API,20-29,M,1,67
ROGERS PARK,API,70-79,M,1,4
ROGERS PARK,BLK,0-19,F,5,999
ROGERS PARK,BLK,0-19,M,64,7161
ROGERS PARK,BLK,20-29,F,12,1776
ROGERS PARK,BLK,20-29,M,109,13644
ROGERS PARK,BLK,30-39,F,8,862
ROGERS PARK,BLK,30-39,M,63,6563
ROGERS PARK,BLK,30-39,UNKNOWN,1,7
ROGERS PARK,BLK,40-49,F,1,403
ROGERS PARK,BLK,40-49,M,19,2335
ROGERS PARK,BLK,50-59,F,1,230
ROGERS PARK,BLK,50-59,M,4,1034
ROGERS PARK,BLK,60-69,F,2,91
ROGERS PARK,BLK,60-69,M,2,315
ROGERS PARK,BLK,70-79,M,1,68
ROGERS PARK,BLK,UNKNOWN,M,1,47
ROGERS PARK,UNKNOWN,0-19,M,1,74
ROGERS PARK,UNKNOWN,40-49,M,1,20
ROGERS PARK,UNKNOWN,UNKNOWN,UNKNOWN,6,593
ROGERS PARK,WBH,20-29,F,1,20
ROGERS PARK,WBH,20-29,M,2,128
ROGERS PARK,WHI,0-19,F,1,30
ROGERS PARK,WHI,0-19,M,3,108
ROGERS PARK,WHI,20-29,F,1,73
ROGERS PARK,WHI,20-29,M,6,340
ROGERS PARK,WHI,30-39,F,2,48
ROGERS PARK,WHI,30-39,M,2,239
ROGERS PARK,WHI,40-49,M,4,122
ROGERS PARK,WHI,50-59,F,1,16
ROGERS PARK,WHI,50-59,M,1,88
ROGERS PARK,WHI,60-69,F,1,10
ROGERS PARK,WWH,0-19,F,2,232
ROGERS PARK,WWH,0-19,M,18,1716
ROGERS PARK,WWH,20-29,F,3,381
ROGERS PARK,WWH,20-29,M,20,2923
ROGERS PARK,WWH,30-39,M,10,1262
ROGERS PARK,WWH,40-49,F,1,65
ROGERS PARK,WWH,40-49,M,3,463
ROGERS PARK,WWH,50-59,F,2,27
ROGERS PARK,WWH,50-59,M,2,161
ROGERS PARK,WWH,60-69,M,1,59
ROSELAND,API,0-19,M,1,10
ROSELAND,API,20-29,M,3,67
ROSELAND,API,30-39,M,2,36
ROSELAND,API,40-49,M,1,16
ROSELAND,API,50-59,M,2,19
ROSELAND,BLK,0-19,F,45,999
ROSELAND,BLK,0-19,M,336,7161
ROSELAND,BLK,0-19,UNKNOWN,2,6
ROSELAND,BLK,20-29,F,89,1776
ROSELAND,BLK,20-29,M,633,13644
ROSELAND,BLK,30-39,F,44,862
ROSELAND,BLK,30-39,M,259,6563
ROSELAND,BLK,30-39,UNKNOWN,2,7
ROSELAND,BLK,40-49,F,24,403
ROSELAND,BLK,40-49,M,108,2335
ROSELAND,BLK,50-59,F,13,230
ROSELAND,BLK,50-59,M,55,1034
ROSELAND,BLK,60-69,F,8,91
ROSELAND,BLK,60-69,M,15,315
ROSELAND,BLK,70-79,F,2,23
ROSELAND,BLK,70-79,M,4,68
ROSELAND,BLK,80+,F,1,14
ROSELAND,BLK,UNKNOWN,M,6,47
ROSELAND,UNKNOWN,0-19,M,4,74
ROSELAND,UNKNOWN,0-19,UNKNOWN,1,19
ROSELAND,UNKNOWN,20-29,F,1,29
ROSELAND,UNKNOWN,20-29,M,3,131
ROSELAND,UNKNOWN,20-29,UNKNOWN,1,21
ROSELAND,UNKNOWN,30-39,F,1,16
ROSELAND,UNKNOWN,30-39,M,1,63
ROSELAND,UNKNOWN,40-49,F,1,4
ROSELAND,UNKNOWN,40-49,M,1,20
ROSELAND,UNKNOWN,50-59,M,1,8
ROSELAND,UNKNOWN,UNKNOWN,UNKNOWN,52,593
ROSELAND,WBH,0-19,F,1,10
ROSELAND,WBH,0-19,M,1,54
ROSELAND,WBH,20-29,M,1,128
ROSELAND,WBH,30-39,M,1,64
ROSELAND,WHI,0-19,F,2,30
ROSELAND,WHI,20-29,M,1,340
ROSELAND,WHI,30-39,F,1,48
ROSELAND,WHI,30-39,M,1,239
ROSELAND,WHI,40-49,F,1,26
ROSELAND,WHI,40-49,M,1,122
ROSELAND,WHI,50-59,M,2,88
ROSELAND,WWH,0-19,F,2,232
ROSELAND,WWH,0-19,M,1,1716
ROSELAND,WWH,20-29,F,3,381
ROSELAND,WWH,20-29,M,1,2923
ROSELAND,WWH,30-39,M,2,1262
ROSELAND,WWH,40-49,F,1,65
ROSELAND,WWH,40-49,M,1,463
ROSELAND,WWH,50-59,M,1,161
SOUTH CHICAGO,API,20-29,M,1,67
SOUTH CHICAGO,API,30-39,M,1,36
SOUTH CHICAGO,BLK,0-19,F,40,999
SOUTH CHICAGO,BLK,0-19,M,229,7161
SOUTH CHICAGO,BLK,20-29,F,54,1776
SOUTH CHICAGO,BLK,20-29,M,323,13644
SOUTH CHICAGO,BLK,30-39,F,17,862
SOUTH CHICAGO,BLK,30-39,M,161,6563
SOUTH CHICAGO,BLK,40-49,F,12,403
SOUTH CHICAGO,BLK,40-49,M,70,2335
SOUTH CHICAGO,BLK,50-59,F,10,230
SOUTH CHICAGO,BLK,50-59,M,27,1034
SOUTH CHICAGO,BLK,60-69,F,1,91
SOUTH CHICAGO,BLK,60-69,M,11,315
SOUTH CHICAGO,BLK,70-79,F,1,23
SOUTH CHICAGO,BLK,80+,M,1,21
SOUTH CHICAGO,BLK,UNKNOWN,M,1,47
SOUTH CHICAGO,I,20-29,M,1,2
SOUTH CHICAGO,UNKNOWN,0-19,M,1,74
SOUTH CHICAGO,UNKNOWN,20-29,M,2,131
SOUTH CHICAGO,UNKNOWN,20-29,UNKNOWN,1,21
SOUTH CHICAGO,UNKNOWN,30-39,F,1,16
SOUTH CHICAGO,UNKNOWN,30-39,M,1,63
SOUTH CHICAGO,UNKNOWN,UNKNOWN,UNKNOWN,7,593
SOUTH CHICAGO,WBH,20-29,M,1,128
SOUTH CHICAGO,WBH,30-39,M,2,64
SOUTH CHICAGO,WHI,0-19,M,2,108
SOUTH CHICAGO,WHI,20-29,F,1,73
SOUTH CHICAGO,WHI,30-39,M,1,239
SOUTH CHICAGO,WHI,40-49,M,3,122
SOUTH CHICAGO,WWH,0-19,F,5,232
SOUTH CHICAGO,WWH,0-19,M,18,1716
SOUTH CHICAGO,WWH,20-29,F,4,381
SOUTH CHICAGO,WWH,20-29,M,38,2923
SOUTH CHICAGO,WWH,30-39,F,2,165
SOUTH CHICAGO,WWH,30-39,M,16,1262
SOUTH CHICAGO,WWH,40-49,F,1,65
SOUTH CHICAGO,WWH,40-49,M,7,463
SOUTH CHICAGO,WWH,50-59,M,4,161
SOUTH CHICAGO,WWH,60-69,M,1,59
SOUTH DEERING,API,20-29,M,1,67
SOUTH DEERING,BLK,0-19,F,9,999
SOUTH DEERING,BLK,0-19,M,80,7161
SOUTH DEERING,BLK,20-29,F,6,1776
SOUTH DEERING,BLK,20-29,M,130,13644
SOUTH DEERING,BLK,30-39,F,12,862
SOUTH DEERING,BLK,30-39,M,56,6563
SOUTH DEERING,BLK,40-49,F,4,403
SOUTH DEERING,BLK,40-49,M,16,2335
SOUTH DEERING,BLK,50-59,F,5,230
SOUTH DEERING,BLK,50-59,M,9,1034
SOUTH DEERING,BLK,60-69,M,2,315
SOUTH DEERING,BLK,70-79,M,1,68
SOUTH DEERING,UNKNOWN,UNKNOWN,UNKNOWN,5,593
SOUTH DEERING,WBH,0-19,M,1,54
SOUTH DEERING,WBH,20-29,M,1,128
SOUTH DEERING,WBH,30-39,M,1,64
SOUTH DEERING,WHI,0-19,M,1,108
SOUTH DEERING,WHI,20-29,M,2,340
SOUTH DEERING,WHI,40-49,M,1,122
SOUTH DEERING,WWH,0-19,F,1,232
SOUTH DEERING,WWH,0-19,M,7,1716
SOUTH DEERING,WWH,20-29,M,20,2923
SOUTH DEERING,WWH,30-39,F,2,165
SOUTH DEERING,WWH,30-39,M,10,1262
SOUTH DEERING,WWH,40-49,F,1,65
SOUTH DEERING,WWH,40-49,M,3,463
SOUTH DEERING,WWH,50-59,M,3,161
SOUTH LAWNDALE,API,20-29,M,2,67
SOUTH LAWNDALE,BLK,0-19,F,4,999
SOUTH LAWNDALE,BLK,0-19,M,23,7161
SOUTH LAWNDALE,BLK,20-29,F,9,1776
SOUTH LAWNDALE,BLK,20-29,M,44,13644
SOUTH LAWNDALE,BLK,30-39,F,1,862
SOUTH LAWNDALE,BLK,30-39,M,19,6563
SOUTH LAWNDALE,BLK,40-49,M,7,2335
SOUTH LAWNDALE,BLK,50-59,M,2,1034
SOUTH LAWNDALE,BLK,60-69,F,1,91
SOUTH LAWNDALE,BLK,60-69,M,2,315
SOUTH LAWNDALE,UNKNOWN,0-19,F,1,19
SOUTH LAWNDALE,UNKNOWN,0-19,M,3,74
SOUTH LAWNDALE,UNKNOWN,20-29,F,1,29
SOUTH LAWNDALE,UNKNOWN,20-29,M,3,131
SOUTH LAWNDALE,UNKNOWN,30-39,F,2,16
SOUTH LAWNDALE,UNKNOWN,30-39,M,2,63
SOUTH LAWNDALE,UNKNOWN,40-49,F,1,4
SOUTH LAWNDALE,UNKNOWN,UNKNOWN,F,1,1
SOUTH LAWNDALE,UNKNOWN,UNKNOWN,UNKNOWN,17,593
SOUTH LAWNDALE,WBH,0-19,M,4,54
SOUTH LAWNDALE,WBH,20-29,F,1,20
SOUTH LAWNDALE,WBH,20-29,M,6,128
SOUTH LAWNDALE,WBH,30-39,F,1,9
SOUTH LAWNDALE,WBH,30-39,M,5,64
SOUTH LAWNDALE,WBH,40-49,F,1,6
SOUTH LAWNDALE,WBH,40-49,M,1,15
SOUTH LAWNDALE,WBH,50-59,M,1,7
SOUTH LAWNDALE,WHI,0-19,F,3,30
SOUTH LAWNDALE,WHI,0-19,M,3,108
SOUTH LAWNDALE,WHI,20-29,F,3,73
SOUTH LAWNDALE,WHI,20-29,M,17,340
SOUTH LAWNDALE,WHI,30-39,F,4,48
SOUTH LAWNDALE,WHI,30-39,M,6,239
SOUTH LAWNDALE,WHI,40-49,M,1,122
SOUTH LAWNDALE,WHI,50-59,M,1,88
SOUTH LAWNDALE,WWH,0-19,F,28,232
SOUTH LAWNDALE,WWH,0-19,M,249,1716
SOUTH LAWNDALE,WWH,20-29,F,40,381
SOUTH LAWNDALE,WWH,20-29,M,375,2923
SOUTH LAWNDALE,WWH,30-39,F,19,165
SOUTH LAWNDALE,WWH,30-39,M,177,1262
SOUTH LAWNDALE,WWH,40-49,F,10,65
SOUTH LAWNDALE,WWH,40-49,M,62,463
SOUTH LAWNDALE,WWH,50-59,F,4,27
SOUTH LAWNDALE,WWH,50-59,M,23,161
SOUTH LAWNDALE,WWH,60-69,M,7,59
SOUTH LAWNDALE,WWH,70-79,M,1,13
SOUTH LAWNDALE,WWH,UNKNOWN,M,1,10
SOUTH SHORE,API,20-29,F,1,7
SOUTH SHORE,API,20-29,M,2,67
SOUTH SHORE,API,40-49,M,1,16
SOUTH SHORE,BLK,0-19,F,46,999
SOUTH SHORE,BLK,0-19,M,378,7161
SOUTH SHORE,BLK,20-29,F,105,1776
SOUTH SHORE,BLK,20-29,M,651,13644
SOUTH SHORE,BLK,30-39,F,35,862
SOUTH SHORE,BLK,30-39,M,302,6563
SOUTH SHORE,BLK,40-49,F,22,403
SOUTH SHORE,BLK,40-49,M,110,2335
SOUTH SHORE,BLK,40-49,UNKNOWN,1,5
SOUTH SHORE,BLK,50-59,F,12,230
SOUTH SHORE,BLK,50-59,M,59,1034
SOUTH SHORE,BLK,60-69,F,6,91
SOUTH SHORE,BLK,60-69,M,21,315
SOUTH SHORE,BLK,70-79,F,1,23
SOUTH SHORE,BLK,70-79,M,7,68
SOUTH SHORE,BLK,80+,F,1,14
SOUTH SHORE,BLK,80+,M,2,21
SOUTH SHORE,BLK,UNKNOWN,M,3,47
SOUTH SHORE,I,0-19,M,1,3
SOUTH SHORE,I,50-59,F,1,1
SOUTH SHORE,UNKNOWN,0-19,F,1,19
SOUTH SHORE,UNKNOWN,0-19,M,8,74
SOUTH SHORE,UNKNOWN,20-29,F,2,29
SOUTH SHORE,UNKNOWN,20-29,M,3,131
SOUTH SHORE,UNKNOWN,30-39,M,4,63
SOUTH SHORE,UNKNOWN,40-49,M,1,20
SOUTH SHORE,UNKNOWN,50-59,M,1,8
SOUTH SHORE,UNKNOWN,UNKNOWN,UNKNOWN,22,593
SOUTH SHORE,WBH,0-19,M,1,54
SOUTH SHORE,WBH,20-29,M,2,128
SOUTH SHORE,WBH,30-39,M,1,64
SOUTH SHORE,WBH,40-49,M,1,15
SOUTH SHORE,WHI,20-29,F,1,73
SOUTH SHORE,WHI,20-29,M,1,340
SOUTH SHORE,WHI,30-39,M,3,239
SOUTH SHORE,WHI,60-69,M,2,45
SOUTH SHORE,WWH,0-19,F,1,232
SOUTH SHORE,WWH,0-19,M,3,1716
SOUTH SHORE,WWH,20-29,F,1,381
SOUTH SHORE,WWH,20-29,M,5,2923
SOUTH SHORE,WWH,30-39,M,4,1262
SOUTH SHORE,WWH,40-49,F,1,65
SOUTH SHORE,WWH,40-49,M,2,463
SOUTH SHORE,WWH,50-59,M,1,161
SOUTH SHORE,WWH,60-69,M,3,59
UPTOWN,API,0-19,M,1,10
UPTOWN,API,20-29,M,1,67
UPTOWN,API,50-59,M,1,19
UPTOWN,BLK,0-19,F,7,999
UPTOWN,BLK,0-19,M,59,7161
UPTOWN,BLK,20-29,F,14,1776
UPTOWN,BLK,20-29,M,131,13644
UPTOWN,BLK,30-39,F,3,862
UPTOWN,BLK,30-39,M,45,6563
UPTOWN,BLK,30-39,UNKNOWN,1,7
UPTOWN,BLK,40-49,F,5,403
UPTOWN,BLK,40-49,M,16,2335
UPTOWN,BLK,50-59,F,1,230
UPTOWN,BLK,50-59,M,7,1034
UPTOWN,BLK,60-69,F,3,91
UPTOWN,BLK,70-79,M,1,68
UPTOWN,I,20-29,F,1,4
UPTOWN,UNKNOWN,0-19,F,1,19
UPTOWN,UNKNOWN,0-19,M,1,74
UPTOWN,UNKNOWN,20-29,M,2,131
UPTOWN,UNKNOWN,UNKNOWN,UNKNOWN,9,593
UPTOWN,WBH,0-19,F,1,10
UPTOWN,WBH,0-19,M,1,54
UPTOWN,WBH,20-29,M,1,128
UPTOWN,WBH,30-39,M,2,64
UPTOWN,WHI,0-19,F,1,30
UPTOWN,WHI,0-19,M,1,108
UPTOWN,WHI,20-29,F,3,73
UPTOWN,WHI,20-29,M,4,340
UPTOWN,WHI,30-39,M,3,239
UPTOWN,WHI,40-49,M,3,122
UPTOWN,WHI,50-59,F,1,16
UPTOWN,WHI,50-59,M,4,88
UPTOWN,WHI,60-69,M,3,45
UPTOWN,WWH,0-19,F,2,232
UPTOWN,WWH,0-19,M,10,1716
UPTOWN,WWH,20-29,F,2,381
UPTOWN,WWH,20-29,M,7,2923
UPTOWN,WWH,30-39,F,2,165
UPTOWN,WWH,30-39,M,2,1262
UPTOWN,WWH,50-59,F,1,27
WASHINGTON HEIGHTS,BLK,0-19,F,21,999
WASHINGTON HEIGHTS,BLK,0-19,M,147,7161
WASHINGTON HEIGHTS,BLK,20-29,F,36,1776
WASHINGTON HEIGHTS,BLK,20-29,M,276,13644
WASHINGTON HEIGHTS,BLK,20-29,UNKNOWN,1,10
WASHINGTON HEIGHTS,BLK,30-39,F,20,862
WASHINGTON HEIGHTS,BLK,30-39,M,100,6563
WASHINGTON HEIGHTS,BLK,40-49,F,13,403
WASHINGTON HEIGHTS,BLK,40-49,M,41,2335
WASHINGTON HEIGHTS,BLK,50-59,F,6,230
WASHINGTON HEIGHTS,BLK,50-59,M,11,1034
WASHINGTON HEIGHTS,BLK,60-69,M,8,315
WASHINGTON HEIGHTS,BLK,80+,F,1,14
WASHINGTON HEIGHTS,BLK,UNKNOWN,M,1,47
WASHINGTON HEIGHTS,UNKNOWN,0-19,M,2,74
WASHINGTON HEIGHTS,UNKNOWN,20-29,M,2,131
WASHINGTON HEIGHTS,UNKNOWN,20-29,UNKNOWN,1,21
WASHINGTON HEIGHTS,UNKNOWN,30-39,M,2,63
WASHINGTON HEIGHTS,UNKNOWN,30-39,UNKNOWN,1,5
WASHINGTON HEIGHTS,UNKNOWN,UNKNOWN,UNKNOWN,8,593
WASHINGTON HEIGHTS,WBH,0-19,M,1,54
WASHINGTON HEIGHTS,WHI,20-29,M,2,340
WASHINGTON HEIGHTS,WHI,30-39,M,2,239
WASHINGTON HEIGHTS,WHI,50-59,M,1,88
WASHINGTON HEIGHTS,WHI,60-69,M,1,45
WASHINGTON HEIGHTS,WWH,20-29,F,1,381
WASHINGTON HEIGHTS,WWH,20-29,M,5,2923
WASHINGTON HEIGHTS,WWH,30-39,M,1,1262
WASHINGTON HEIGHTS,WWH,40-49,M,2,463
WASHINGTON PARK,BLK,0-19,F,24,999
WASHINGTON PARK,BLK,0-19,M,154,7161
WASHINGTON PARK,BLK,0-19,UNKNOWN,2,6
WASHINGTON PARK,BLK,20-29,F,31,1776
WASHINGTON PARK,BLK,20-29,M,279,13644
WASHINGTON PARK,BLK,30-39,F,28,862
WASHINGTON PARK,BLK,30-39,M,133,6563
WASHINGTON PARK,BLK,40-49,F,16,403
WASHINGTON PARK,BLK,40-49,M,54,2335
WASHINGTON PARK,BLK,40-49,UNKNOWN,1,5
WASHINGTON PARK,BLK,50-59,F,3,230
WASHINGTON PARK,BLK,50-59,M,16,1034
WASHINGTON PARK,BLK,60-69,F,1,91
WASHINGTON PARK,BLK,60-69,M,8,315
WASHINGTON PARK,BLK,70-79,F,2,23
WASHINGTON PARK,BLK,80+,F,1,14
WASHINGTON PARK,BLK,UNKNOWN,M,2,47
WASHINGTON PARK,UNKNOWN,0-19,UNKNOWN,1,19
WASHINGTON PARK,UNKNOWN,20-29,M,3,131
WASHINGTON PARK,UNKNOWN,40-49,UNKNOWN,1,6
WASHINGTON PARK,UNKNOWN,UNKNOWN,UNKNOWN,8,593
WASHINGTON PARK,WBH,20-29,F,1,20
WASHINGTON PARK,WBH,30-39,M,1,64
WASHINGTON PARK,WHI,20-29,M,1,340
WASHINGTON PARK,WHI,30-39,M,2,239
WASHINGTON PARK,WHI,60-69,M,1,45
WASHINGTON PARK,WWH,0-19,M,1,1716
WEST ELSDON,BLK,20-29,M,1,13644
WEST ELSDON,BLK,30-39,M,1,6563
WEST ELSDON,BLK,50-59,M,1,1034
WEST ELSDON,UNKNOWN,0-19,M,1,74
WEST ELSDON,UNKNOWN,20-29,M,1,131
WEST ELSDON,WHI,20-29,M,1,340
WEST ELSDON,WWH,0-19,F,4,232
WEST ELSDON,WWH,0-19,M,15,1716
WEST ELSDON,WWH,20-29,F,3,381
WEST ELSDON,WWH,20-29,M,30,2923
WEST ELSDON,WWH,30-39,M,15,1262
WEST ELSDON,WWH,40-49,F,1,65
WEST ELSDON,WWH,40-49,M,3,463
WEST ELSDON,WWH,50-59,F,1,27
WEST ELSDON,WWH,50-59,M,4,161
WEST ENGLEWOOD,BLK,0-19,F,63,999
WEST ENGLEWOOD,BLK,0-19,M,454,7161
WEST ENGLEWOOD,BLK,20-29,F,81,1776
WEST ENGLEWOOD,BLK,20-29,M,770,13644
WEST ENGLEWOOD,BLK,20-29,UNKNOWN,1,10
WEST ENGLEWOOD,BLK,30-39,F,54,862
WEST ENGLEWOOD,BLK,30-39,M,391,6563
WEST ENGLEWOOD,BLK,30-39,UNKNOWN,1,7
WEST ENGLEWOOD,BLK,40-49,F,19,403
WEST ENGLEWOOD,BLK,40-49,M,138,2335
WEST ENGLEWOOD,BLK,40-49,UNKNOWN,1,5
WEST ENGLEWOOD,BLK,50-59,F,10,230
WEST ENGLEWOOD,BLK,50-59,M,62,1034
WEST ENGLEWOOD,BLK,60-69,F,3,91
WEST ENGLEWOOD,BLK,60-69,M,15,315
WEST ENGLEWOOD,BLK,70-79,F,2,23
WEST ENGLEWOOD,BLK,70-79,M,5,68
WEST ENGLEWOOD,BLK,80+,M,1,21
WEST ENGLEWOOD,BLK,UNKNOWN,M,1,47
WEST ENGLEWOOD,UNKNOWN,0-19,F,2,19
WEST ENGLEWOOD,UNKNOWN,0-19,M,3,74
WEST ENGLEWOOD,UNKNOWN,20-29,F,2,29
WEST ENGLEWOOD,UNKNOWN,20-29,M,1,131
WEST ENGLEWOOD,UNKNOWN,20-29,UNKNOWN,1,21
WEST ENGLEWOOD,UNKNOWN,30-39,F,1,16
WEST ENGLEWOOD,UNKNOWN,30-39,UNKNOWN,1,5
WEST ENGLEWOOD,UNKNOWN,40-49,M,1,20
WEST ENGLEWOOD,UNKNOWN,60-69,UNKNOWN,1,1
WEST ENGLEWOOD,UNKNOWN,UNKNOWN,UNKNOWN,12,593
WEST ENGLEWOOD,WBH,0-19,F,2,10
WEST ENGLEWOOD,WBH,0-19,M,3,54
WEST ENGLEWOOD,WBH,20-29,M,3,128
WEST ENGLEWOOD,WHI,0-19,M,1,108
WEST ENGLEWOOD,WHI,20-29,F,1,73
WEST ENGLEWOOD,WHI,20-29,M,1,340
WEST ENGLEWOOD,WHI,30-39,F,1,48
WEST ENGLEWOOD,WHI,40-49,M,2,122
WEST ENGLEWOOD,WHI,50-59,M,2,88
WEST ENGLEWOOD,WHI,UNKNOWN,M,1,10
WEST ENGLEWOOD,WWH,0-19,F,3,232
WEST ENGLEWOOD,WWH,0-19,M,13,1716
WEST ENGLEWOOD,WWH,20-29,F,5,381
WEST ENGLEWOOD,WWH,20-29,M,14,2923
WEST ENGLEWOOD,WWH,30-39,F,3,165
WEST ENGLEWOOD,WWH,30-39,M,10,1262
WEST ENGLEWOOD,WWH,40-49,F,1,65
WEST ENGLEWOOD,WWH,40-49,M,4,463
WEST ENGLEWOOD,WWH,50-59,M,3,161
WEST ENGLEWOOD,WWH,60-69,M,1,59
WEST GARFIELD PARK,API,20-29,M,1,67
WEST GARFIELD PARK,BLK,0-19,F,45,999
WEST GARFIELD PARK,BLK,0-19,M,277,7161
WEST GARFIELD PARK,BLK,20-29,F,100,1776
WEST GARFIELD PARK,BLK,20-29,M,638,13644
WEST GARFIELD PARK,BLK,20-29,UNKNOWN,1,10
WEST GARFIELD PARK,BLK,30-39,F,34,862
WEST GARFIELD PARK,BLK,30-39,M,339,6563
WEST GARFIELD PARK,BLK,40-49,F,18,403
WEST GARFIELD PARK,BLK,40-49,M,111,2335
WEST GARFIELD PARK,BLK,50-59,F,10,230
WEST GARFIELD PARK,BLK,50-59,M,78,1034
WEST GARFIELD PARK,BLK,60-69,F,3,91
WEST GARFIELD PARK,BLK,60-69,M,15,315
WEST GARFIELD PARK,BLK,70-79,F,1,23
WEST GARFIELD PARK,BLK,70-79,M,2,68
WEST GARFIELD PARK,BLK,80+,F,2,14
WEST GARFIELD PARK,BLK,80+,M,1,21
WEST GARFIELD PARK,BLK,UNKNOWN,M,4,47
WEST GARFIELD PARK,I,20-29,F,1,4
WEST GARFIELD PARK,I,40-49,M,1,2
WEST GARFIELD PARK,UNKNOWN,0-19,M,1,74
WEST GARFIELD PARK,UNKNOWN,0-19,UNKNOWN,3,19
WEST GARFIELD PARK,UNKNOWN,20-29,F,3,29
WEST GARFIELD PARK,UNKNOWN,20-29,M,6,131
WEST GARFIELD PARK,UNKNOWN,20-29,UNKNOWN,1,21
WEST GARFIELD PARK,UNKNOWN,30-39,M,2,63
WEST GARFIELD PARK,UNKNOWN,40-49,M,2,20
WEST GARFIELD PARK,UNKNOWN,UNKNOWN,UNKNOWN,20,593
WEST GARFIELD PARK,WBH,0-19,F,1,10
WEST GARFIELD PARK,WBH,0-19,M,1,54
WEST GARFIELD PARK,WBH,20-29,M,1,128
WEST GARFIELD PARK,WBH,30-39,F,1,9
WEST GARFIELD PARK,WBH,30-39,M,1,64
WEST GARFIELD PARK,WHI,0-19,F,1,30
WEST GARFIELD PARK,WHI,0-19,M,1,108
WEST GARFIELD PARK,WHI,20-29,M,6,340
WEST GARFIELD PARK,WHI,30-39,F,1,48
WEST GARFIELD PARK,WHI,30-39,M,5,239
WEST GARFIELD PARK,WHI,40-49,F,1,26
WEST GARFIELD PARK,WHI,40-49,M,5,122
WEST GARFIELD PARK,WHI,60-69,M,1,45
WEST GARFIELD PARK,WHI,UNKNOWN,M,1,10
WEST GARFIELD PARK,WWH,0-19,M,6,1716
WEST GARFIELD PARK,WWH,20-29,F,4,381
WEST GARFIELD PARK,WWH,20-29,M,15,2923
WEST GARFIELD PARK,WWH,30-39,M,8,1262
WEST GARFIELD PARK,WWH,40-49,M,5,463
WEST GARFIELD PARK,WWH,50-59,F,1,27
WEST GARFIELD PARK,WWH,60-69,M,2,59
WEST LAWN,BLK,0-19,M,5,7161
WEST LAWN,BLK,20-29,M,8,13644
WEST LAWN,BLK,30-39,M,1,6563
WEST LAWN,BLK,40-49,F,1,403
WEST LAWN,BLK,40-49,M,1,2335
WEST LAWN,BLK,70-79,M,1,68
WEST LAWN,UNKNOWN,0-19,M,3,74
WEST LAWN,UNKNOWN,50-59,M,1,8
WEST LAWN,WBH,20-29,M,1,128
WEST LAWN,WBH,UNKNOWN,M,1,1
WEST LAWN,WHI,20-29,F,1,73
WEST LAWN,WHI,20-29,M,5,340
WEST LAWN,WHI,30-39,M,3,239
WEST LAWN,WHI,60-69,M,1,45
WEST LAWN,WWH,0-19,F,1,232
WEST LAWN,WWH,0-19,M,26,1716
WEST LAWN,WWH,20-29,F,4,381
WEST LAWN,WWH,20-29,M,41,2923
WEST LAWN,WWH,30-39,F,1,165
WEST LAWN,WWH,30-39,M,15,1262
WEST LAWN,WWH,40-49,M,6,463
WEST LAWN,WWH,50-59,F,1,27
WEST LAWN,WWH,70-79,M,1,13
WEST PULLMAN,API,0-19,F,1,3
WEST PULLMAN,BLK,0-19,F,38,999
WEST PULLMAN,BLK,0-19,M,238,7161
WEST PULLMAN,BLK,20-29,F,55,1776
WEST PULLMAN,BLK,20-29,M,434,13644
WEST PULLMAN,BLK,30-39,F,38,862
WEST PULLMAN,BLK,30-39,M,210,6563
WEST PULLMAN,BLK,40-49,F,13,403
WEST PULLMAN,BLK,40-49,M,61,2335
WEST PULLMAN,BLK,50-59,F,12,230
WEST PULLMAN,BLK,50-59,M,45,1034
WEST PULLMAN,BLK,60-69,F,2,91
WEST PULLMAN,BLK,60-69,M,10,315
WEST PULLMAN,BLK,80+,F,1,14
WEST PULLMAN,BLK,80+,M,2,21
WEST PULLMAN,BLK,UNKNOWN,F,1,12
WEST PULLMAN,BLK,UNKNOWN,M,2,47
WEST PULLMAN,I,20-29,M,1,2
WEST PULLMAN,UNKNOWN,0-19,M,3,74
WEST PULLMAN,UNKNOWN,20-29,F,2,29
WEST PULLMAN,UNKNOWN,20-29,M,3,131
WEST PULLMAN,UNKNOWN,30-39,M,1,63
WEST PULLMAN,UNKNOWN,UNKNOWN,UNKNOWN,30,593
WEST PULLMAN,WBH,20-29,M,2,128
WEST PULLMAN,WHI,20-29,M,1,340
WEST PULLMAN,WHI,30-39,M,1,239
WEST PULLMAN,WHI,40-49,M,2,122
WEST PULLMAN,WWH,0-19,F,1,232
WEST PULLMAN,WWH,0-19,M,7,1716
WEST PULLMAN,WWH,20-29,M,8,2923
WEST PULLMAN,WWH,30-39,F,1,165
WEST PULLMAN,WWH,30-39,M,8,1262
WEST PULLMAN,WWH,40-49,F,1,65
WEST PULLMAN,WWH,40-49,M,1,463
WEST PULLMAN,WWH,60-69,M,1,59
WEST RIDGE,API,20-29,M,6,67
WEST RIDGE,API,30-39,M,2,36
WEST RIDGE,API,40-49,F,1,3
WEST RIDGE,BLK,0-19,F,1,999
WEST RIDGE,BLK,0-19,M,18,7161
WEST RIDGE,BLK,20-29,F,5,1776
WEST RIDGE,BLK,20-29,M,30,13644
WEST RIDGE,BLK,30-39,M,12,6563
WEST RIDGE,BLK,40-49,F,2,403
WEST RIDGE,BLK,40-49,M,3,2335
WEST RIDGE,BLK,50-59,F,2,230
WEST RIDGE,BLK,50-59,M,2,1034
WEST RIDGE,UNKNOWN,0-19,UNKNOWN,1,19
WEST RIDGE,UNKNOWN,20-29,M,1,131
WEST RIDGE,UNKNOWN,30-39,M,1,63
WEST RIDGE,UNKNOWN,UNKNOWN,UNKNOWN,3,593
WEST RIDGE,WBH,20-29,M,2,128
WEST RIDGE,WHI,0-19,F,3,30
WEST RIDGE,WHI,0-19,M,4,108
WEST RIDGE,WHI,20-29,F,1,73
WEST RIDGE,WHI,20-29,M,6,340
WEST RIDGE,WHI,30-39,F,3,48
WEST RIDGE,WHI,30-39,M,5,239
WEST RIDGE,WHI,40-49,F,2,26
WEST RIDGE,WHI,40-49,M,6,122
WEST RIDGE,WHI,50-59,F,1,16
WEST RIDGE,WHI,50-59,M,4,88
WEST RIDGE,WHI,60-69,F,1,10
WEST RIDGE,WHI,60-69,M,4,45
WEST RIDGE,WWH,0-19,F,2,232
WEST RIDGE,WWH,0-19,M,18,1716
WEST RIDGE,WWH,20-29,F,4,381
WEST RIDGE,WWH,20-29,M,17,2923
WEST RIDGE,WWH,30-39,F,1,165
WEST RIDGE,WWH,30-39,M,7,1262
WEST RIDGE,WWH,40-49,M,4,463
WEST RIDGE,WWH,60-69,M,1,59
WEST TOWN,API,20-29,M,1,67
WEST TOWN,API,30-39,M,1,36
WEST TOWN,BLK,0-19,F,4,999
WEST TOWN,BLK,0-19,M,29,7161
WEST TOWN,BLK,20-29,F,9,1776
WEST TOWN,BLK,20-29,M,89,13644
WEST TOWN,BLK,20-29,UNKNOWN,1,10
WEST TOWN,BLK,30-39,F,4,862
WEST TOWN,BLK,30-39,M,44,6563
WEST TOWN,BLK,40-49,M,7,2335
WEST TOWN,BLK,50-59,F,2,230
WEST TOWN,BLK,50-59,M,3,1034
WEST TOWN,I,50-59,M,1,1
WEST TOWN,UNKNOWN,20-29,M,9,131
WEST TOWN,UNKNOWN,30-39,M,1,63
WEST TOWN,UNKNOWN,UNKNOWN,UNKNOWN,10,593
WEST TOWN,WBH,0-19,M,8,54
WEST TOWN,WBH,20-29,F,1,20
WEST TOWN,WBH,20-29,M,7,128
WEST TOWN,WBH,30-39,F,2,9
WEST TOWN,WBH,30-39,M,3,64
WEST TOWN,WBH,40-49,F,1,6
WEST TOWN,WBH,40-49,M,1,15
WEST TOWN,WBH,50-59,M,3,7
WEST TOWN,WHI,0-19,M,3,108
WEST TOWN,WHI,20-29,F,2,73
WEST TOWN,WHI,20-29,M,28,340
WEST TOWN,WHI,30-39,F,5,48
WEST TOWN,WHI,30-39,M,15,239
WEST TOWN,WHI,40-49,F,2,26
WEST TOWN,WHI,40-49,M,4,122
WEST TOWN,WHI,50-59,F,1,16
WEST TOWN,WHI,50-59,M,4,88
WEST TOWN,WHI,60-69,F,1,10
WEST TOWN,WHI,60-69,M,1,45
WEST TOWN,WHI,80+,M,1,5
WEST TOWN,WWH,0-19,F,7,232
WEST TOWN,WWH,0-19,M,57,1716
WEST TOWN,WWH,20-29,F,17,381
WEST TOWN,WWH,20-29,M,151,2923
WEST TOWN,WWH,20-29,UNKNOWN,1,4
WEST TOWN,WWH,30-39,F,6,165
WEST TOWN,WWH,30-39,M,62,1262
WEST TOWN,WWH,40-49,F,1,65
WEST TOWN,WWH,40-49,M,26,463
WEST TOWN,WWH,50-59,M,6,161
WEST TOWN,WWH,60-69,M,1,59
WOODLAWN,API,40-49,M,1,16
WOODLAWN,BLK,0-19,F,22,999
WOODLAWN,BLK,0-19,M,240,7161
WOODLAWN,BLK,20-29,F,57,1776
WOODLAWN,BLK,20-29,M,340,13644
WOODLAWN,BLK,20-29,UNKNOWN,1,10
WOODLAWN,BLK,30-39,F,28,862
WOODLAWN,BLK,30-39,M,164,6563
WOODLAWN,BLK,40-49,F,9,403
WOODLAWN,BLK,40-49,M,67,2335
WOODLAWN,BLK,50-59,F,8,230
WOODLAWN,BLK,50-59,M,25,1034
WOODLAWN,BLK,60-69,F,4,91
WOODLAWN,BLK,60-69,M,9,315
WOODLAWN,BLK,70-79,F,1,23
WOODLAWN,BLK,70-79,M,2,68
WOODLAWN,BLK,UNKNOWN,F,1,12
WOODLAWN,BLK,UNKNOWN,M,2,47
WOODLAWN,UNKNOWN,0-19,M,2,74
WOODLAWN,UNKNOWN,20-29,F,2,29
WOODLAWN,UNKNOWN,20-29,M,5,131
WOODLAWN,UNKNOWN,30-39,M,2,63
WOODLAWN,UNKNOWN,UNKNOWN,UNKNOWN,13,593
WOODLAWN,WHI,20-29,F,1,73
WOODLAWN,WHI,20-29,M,3,340
WOODLAWN,WHI,40-49,F,1,26
WOODLAWN,WHI,40-49,M,1,122
WOODLAWN,WWH,20-29,F,1,381
WOODLAWN,WWH,20-29,M,3,2923
WOODLAWN,WWH,60-69,M,1,59
